#,Intent,Language,User Query,Chatbot Response,Context,
1,Check_in_info,English,Where is the PIA check-in counter?,The Pakistan International Airlines (PIA) check-in counters are located in Row C near Gate 4 of the departure hall.,departure,
2,Check_in_info,English,What time does check-in open for international flights?,International check-in normally opens three hours before departure and closes one hour prior.,departure,
3,Check_in_info,English,Can I check in online for Airblue?,"Yes, Airblue allows online check-in via their website or mobile app.",departure,
4,Check_in_info,English,Where can I print my boarding pass?,You can print your boarding pass at self-service kiosks near the main entrance or request a printed copy from your airline’s desk.,departure,
5,Check_in_info,English,Which row handles Serene Air check-in?,"Serene Air counters are in Row B, Counters 8-12 on the right side of the hall. ",departure,
6,Check_in_info,English,What documents do I need for domestic check-in?,"For domestic flights, please carry your original CNIC and flight booking.",departure,
7,Check_in_info,English,How early should I reach the airport for a domestic flight?,"Arrive at least two hours before departure to allow time for check-in, baggage tagging, and security scanning.",departure,
8,Check_in_info,English,Is there a family or priority lane at check-in?,"Yes, families with children and elderly passengers may use the priority counter located beside Counter 5. ",departure,
9,Check_in_info,English,Where do I pay for excess baggage?,Extra luggage payments can be made at your airline’s excess-baggage desk near Row D. Keep the receipt to show at baggage-drop.,departure,
10,Check_in_info,English,Can I use my mobile boarding pass at security?,Absolutely! Mobile boarding passes are accepted at Islamabad Airport. Make sure the QR code is visible on your screen for scanning.,departure,
11,Check_in_info,English,What is the hand-carry weight limit?,"Most airlines allow 7 kg of hand-carry per passenger, excluding laptops and small personal items. Oversized bags may be checked.",departure,
12,Check_in_info,English,Is there a self-check-in kiosk available?,"Yes, self-check-in kiosks are located near Departure Hall B. You can print your boarding pass and baggage tags in under two minutes.",departure,
13,Check_in_info,English,Where can I find baggage-wrapping service?,A 24-hour baggage-wrapping booth is available beside Gate 3. It provides protective film and labeling for your luggage.,departure,
14,Check_in_info,English,How long does the check-in process usually take?,"On average, check-in takes 15 to 25 minutes depending on passenger traffic. Business-class counters are generally faster.",departure,
15,Check_in_info,English,Which side is the Qatar Airways counter?,"Qatar Airways check-in is at Row A, Counters 1-6, facing the international section. Staff there assist with Doha and connecting flights.",departure,
16,Check_in_info,English,Can I check in sports equipment?,"Yes, sports gear can be checked at the Oversized Baggage counter near Row D. Please ensure it’s packed securely to avoid damage.",departure,
17,Check_in_info,English,What should I do if I forgot to print my ticket?,No worries! Show your e-ticket or CNIC at the airline desk and they will print a boarding pass for you.,departure,
18,Check_in_info,English,Can I check in multiple bags?,"Yes, as long as your total checked weight stays within your airline’s limit. Extra kilograms may require a small fee.",departure,
19,Check_in_info,English,Where can I weigh my luggage?,Weighing machines are installed near each airline’s counter and at the baggage-wrapping station.,departure,
20,Check_in_info,English,Is vaccination proof still required for check-in?,Some international destinations still ask for vaccination certificates. Keep a digital or printed copy handy to avoid delays.,departure,
21,Check_in_info,English,Can I upgrade to business class during check-in?,Upgrades depend on seat availability. You can request it at the counter or check online for promotional offers.,departure,
22,Check_in_info,English,What happens if I reach after check-in closes?,"If the gate has closed, the airline cannot process your luggage. You may be rebooked on the next available flight subject to policy.",departure,
23,Check_in_info,English,Is there a separate area for international passengers?,"Yes, international check-in rows (A and B) are located near immigration entry, clearly marked with blue signs.",departure,
24,Check_in_info,English,Where can I find trolley service?,Trolleys are available near entrances and around all check-in rows. A refundable coin token is required at some stations.,departure,
25,Check_in_info,English,Can I get fragile labels for my baggage?,"Yes, inform the counter staff and they will attach a “Fragile” tag to ensure careful handling.",departure,
26,Check_in_info,English,Where can I collect flight information?,"Digital screens throughout the departure area display current flight status, gate numbers, and counter assignments.",departure,
27,Check_in_info,English,Are check-in counters open 24 hours?,"Only for airlines with night operations, such as Qatar Airways or Emirates. Domestic counters open 3 hours before flights.",departure,
28,Check_in_info,English,Can I drop my luggage after online check-in?,"Yes, proceed to the Baggage Drop counter labeled for online passengers. Keep your digital boarding pass ready.",departure,
29,Check_in_info,English,Where is the Fast-Track service?,Fast-Track counters for premium passengers are beside the main check-in lanes near Row B. Access is through special passes.,departure,
30,Check_in_info,English,What items are restricted in hand luggage?,"Sharp objects, liquids over 100 ml, and flammable items are not permitted. Place them in checked baggage to avoid confiscation.",departure,
31,Check_in_info,English,How can I locate my airline counter quickly?,Look for row-wise digital boards showing airline names and counter numbers. Volunteers also assist passengers near entry points.,departure,
32,Check_in_info,English,Can I use one counter for group check-in?,"Yes, group passengers may check in together if traveling under the same booking reference. Keep all documents ready.",departure,
33,Check_in_info,English,Where can I change currency before check-in?,Currency-exchange desks are located near the main exit of the check-in hall. They operate 24 hours a day.,departure,
34,Check_in_info,English,How do I know which gate to go to after check-in?,Your boarding pass lists the gate number. Confirm on airport screens as gates may change due to traffic.,departure,
35,Check_in_info,English,Can I carry medicines in hand luggage?,"Yes, but liquids must be under 100 ml and prescribed medicines should have a doctor’s note if possible.",departure,
36,Check_in_info,English,What should I do if my name is misspelled on the ticket?,Contact the airline counter immediately. Minor corrections can often be handled before check-in closure.,departure,
37,Check_in_info,English,Is baggage wrapping mandatory?,It’s optional but recommended for fragile or high-value items to prevent tampering.,departure,
38,Check_in_info,English,Where can I charge my phone before check-in?,Charging stations are available beside Row C and near Gate 2. Bring your own cable for convenience.,departure,
39,Check_in_info,English,Can I check in without luggage?,"Yes, simply collect your boarding pass and proceed directly to security. Online check-in can save additional time.",departure,
40,Check_in_info,English,Is there assistance for passengers with disabilities?,"Yes, wheelchairs and dedicated staff are available on request at Counter 1. Inform your airline in advance if possible.",departure,
41,Check_in_info,English,How can I confirm if my flight is delayed before check-in?,Check the Flight Information Displays or ask the airline counter staff. Updates are announced over the PA system as well.,departure,
42,Check_in_info,English,Can I check in my stroller for my baby?,"Yes, you may use it until security check; it will be tagged and returned at the gate after landing.",departure,
43,Check_in_info,English,Where can I store my cabin bag temporarily?,"Temporary storage facilities are available beside Gate 3 for short durations, ideal for hand-carry items.",departure,
44,Check_in_info,English,Are there lockers at the departure terminal?,Currently no public lockers; short-term baggage storage is managed through authorized counters only.,departure,
45,Check_in_info,English,How do I reprint a lost boarding pass?,Visit your airline’s counter with CNIC or booking ID; they will reissue it instantly without extra charge.,departure,
46,Check_in_info,English,Can someone accompany me to the check-in area?,Only ticketed passengers are allowed beyond the entrance. Visitors may wait in the public concourse outside.,departure,
47,Check_in_info,English,Is there Wi-Fi at the check-in area?,"Yes, free airport Wi-Fi is available. Connect to “IIA-FreeNet” and accept terms on the browser page.",departure,
48,Check_in_info,English,What if my baggage tag tears off?,Immediately report it to the airline agent before check-in closes; they can reissue a new baggage tag.,departure,
49,Check_in_info,English,Can I pay excess baggage by card?,"Yes, all major credit and debit cards are accepted at excess-baggage counters. Keep a receipt for airline confirmation.",departure,
50,Check_in_info,English,Where can I find airline help desks?,Airline help desks are placed along each row and at the center of the departure hall. They handle ticket issues and rebookings.,departure,
51,Check_in_info,English,How can I confirm my seat preference?,Seat preferences can be requested during check-in. Window and aisle seats are subject to availability.,departure,
52,Check_in_info,English,How can I check if my baggage is overweight?,"Weighing machines are installed beside every airline row and near baggage wrapping stations. If your luggage exceeds the limit, you can adjust items or pay extra at the counter.",departure,
53,Check_in_info,English,What time does the PIA counter open in the morning?,The PIA check-in desk opens three hours before each scheduled flight. ,departure,
54,Check_in_info,English,Can I carry liquids in my hand luggage?,"You can carry small liquid containers up to 100 ml each, packed inside a transparent plastic bag. Larger bottles should be in checked baggage.",departure,
55,Check_in_info,English,Is there a dedicated counter for business class passengers?,"Yes, every major airline offers a separate business-class check-in lane. Staff provide faster processing and lounge access details there.",departure,
56,Check_in_info,English,What if my ticket shows wrong flight time?,Please visit your airline’s check-in desk immediately. They’ll verify it against the latest schedule and issue an updated boarding pass.,departure,
57,Check_in_info,English,Can I rebook my ticket at the check-in desk?,"Rebooking is handled at the airline’s main service counter, not at check-in. The desk staff can direct you to the correct window.",departure,
58,Check_in_info,English,Where can I get luggage trolleys?,Luggage trolleys are parked outside the entrance and near every row inside the hall. You can pull one without any fee.,departure,
59,Check_in_info,English,How many bags are allowed per person?,Most airlines allow one checked bag and one hand-carry item per passenger. Policies differ slightly for domestic and international flights.,departure,
60,Check_in_info,English,Can I carry fruits or liquids in my checked bag?,"Yes, but pack them securely in leak-proof containers to avoid spoilage or damage during loading.",departure,
61,Check_in_info,English,Is there a counter for unaccompanied minors?,"Yes, Counter 2 handles check-in for unaccompanied minors. Staff assist throughout the boarding process until the child is handed over to crew.",departure,
62,Check_in_info,English,Can I pay for extra baggage online?,Most airlines allow pre-purchase of excess baggage through their websites or mobile apps. It’s often cheaper than paying at the counter.,departure,
63,Check_in_info,English,Can I get a duplicate baggage tag?,"Yes, you can request a duplicate baggage tag at your airline counter before proceeding to security. Keep both copies safe.",departure,
64,Check_in_info,English,What should I do if I can’t find my airline counter?,Please check the digital screens at the terminal entrance. They list all airlines with current counter locations and flight timings.,departure,
65,Check_in_info,English,Can I check in for connecting flights together?,"For most international connections, your luggage can be tagged till the final destination. Confirm at the counter during check-in.",departure,
66,Check_in_info,English,Where do I drop baggage after online check-in?,Go directly to the Baggage Drop counter marked for online passengers. Staff will scan your boarding pass and tag your bags.,departure,
67,Check_in_info,English,How do I check my seat number before boarding?,Your boarding pass clearly mentions the seat number. You can also verify it on your airline’s app before arriving at the airport.,departure,
68,Check_in_info,English,Can I check in 5 hours early?,Usually not. Check-in opens three hours before international and two hours before domestic flights. Arriving too early may not help.,departure,
69,Check_in_info,English,What is the latest time to check in?,"Domestic check-in closes 45 minutes before flight time, while international closes one hour prior. Late passengers are not accepted.",departure,
70,Check_in_info,English,Is there any area to sit near the check-in hall?,"Yes, public seating areas and cafés are available near the main entrance and beside Row C.",departure,
71,Check_in_info,English,Where can I get flight status updates?,"Flight status boards are installed at multiple points, and airline counters display live updates. You may also check the airport’s website.",departure,
72,Check_in_info,English,Can I pay for baggage with cash?,"Yes, both cash and digital payments are accepted at all airline desks. Keep your receipt safely for reference.",departure,
73,Check_in_info,English,What if my luggage is damaged at check-in?,Immediately report it to the baggage supervisor at your airline counter. A damage report will be issued before boarding.,departure,
74,Check_in_info,English,Can I carry my drone in luggage?,Drones are usually restricted in hand-carry. Please pack them in checked baggage and inform your airline at check-in.,departure,
75,Check_in_info,English,Are there sanitization measures at counters?,"Yes, all counters are regularly sanitized and hand sanitizers are available at every row.",departure,
76,Check_in_info,English,Where can I get flight delay certificates?,Airlines issue official delay letters at their help desks. These can be used for refunds or official claims.,departure,
77,Check_in_info,English,Is there any lost item counter near check-in?,"Yes, the Lost Property Desk is beside Gate 2 before security check. Report any misplaced documents there.",departure,
78,Check_in_info,English,Can I request special meals during check-in?,"Yes, you can request vegetarian, diabetic, or baby meals if your airline supports it. Do this before check-in closes.",departure,
79,Check_in_info,English,Is there a baby-changing room near check-in?,"Yes, baby care rooms are available near Departure Hall B and beside Gate 4.",departure,
80,Check_in_info,English,Can I carry extra handbag with laptop?,"Yes, small personal bags like laptop cases are allowed in addition to standard hand-carry, depending on airline rules.",departure,
81,Check_in_info,English,How can I find my luggage belt number?,"It’s printed on your baggage tag, and staff at the counter can confirm it before you drop off your luggage.",departure,
82,Check_in_info,English,Can I bring food in hand luggage?,"Yes, dry snacks and packed food are fine. Avoid liquids or sauces above 100 ml.",departure,
83,Check_in_info,English,What should I do if I forget my CNIC?,Show your passport or digital CNIC through NADRA app. Airlines accept valid identification for check-in.,departure,
84,Check_in_info,English,Where can I confirm my visa documents?,Airlines verify visas for international flights at the counter before issuing boarding passes.,departure,
85,Check_in_info,English,Can I take my power bank in checked baggage?,Power banks must go in hand-carry bags only. They are not allowed in checked-in luggage.,departure,
86,Check_in_info,English,What are Islamabad Airport’s peak hours?,Peak hours are between 3:00 a.m. – 8:00 a.m. and 6:00 p.m. – 10:00 p.m.. Early check-in is recommended during these slots.,departure,
87,Check_in_info,English,Is there any cloakroom near check-in?,"Yes, short-term baggage storage is available for passengers beside Gate 3. Charges apply per hour.",departure,
88,Check_in_info,English,What should I do if my airline counter is closed?,"Wait for the counter to open, usually three hours before the flight. Staff may assist if you show your ticket.",departure,
89,Check_in_info,English,Can I check in through a travel agent?,"No, check-in must be done at the airport or online by passengers themselves. Agents cannot complete the process.",departure,
90,Check_in_info,English,Can I check in with only soft copy of my ticket?,"Yes, digital tickets on mobile devices are accepted at Islamabad Airport counters.",departure,
91,Check_in_info,English,What time should I reach before boarding?,Arrive at least 2 hours early for domestic and 3 hours for international flights. This ensures smooth security clearance.,departure,
92,Check_in_info,English,Is there assistance for elderly passengers?,"Yes, wheelchairs and escorts are available free of charge. Contact your airline 24 hours before your flight.",departure,
93,Check_in_info,English,How can I correct my name spelling at check-in?,Name corrections can be done only by airline staff after ID verification. Some airlines charge a small service fee.,departure,
94,Check_in_info,English,Where is the domestic departure zone?,"Domestic check-in is handled in Hall C, towards the right wing of the terminal. Signs will guide you.",departure,
95,Check_in_info,English,What happens to oversized baggage?,Oversized or special baggage like strollers and instruments are handled at the Oversize Baggage counter beside Row D.,departure,
96,Check_in_info,English,Can I use check-in kiosks for group booking?,"Yes, but you’ll need to check in each passenger individually. Group check-in is faster at the counter.",departure,
97,Check_in_info,English,Is there a currency exchange near check-in area?,"Yes, currency exchange desks are available near Gates 2 and 5, open 24/7 for international travelers.",departure,
98,Check_in_info,English,Can I keep my boarding pass on my phone?,"Yes, mobile passes are accepted at all scanning points. Ensure the QR code is visible and not damaged.",departure,
99,Check_in_info,English,Are pets allowed at check-in?,"Yes, most airlines allow pets if properly caged and with vet certificates. Confirm with your carrier before arrival.",departure,
100,Check_in_info,English,Can I carry gifts in hand luggage?,"Yes, but avoid wrapped packages as they may be opened during security scanning.",departure,
101,Check_in_info,English,Is there any assistance for first-time flyers?,"Yes, information officers at the entrance guide first-time passengers through check-in and security procedures.",departure,
102,Check_in_info,English,How can I rebook a missed flight at the airport?,"If you miss your flight, visit your airline’s ticketing or customer service counter inside the departure area. Depending on seat availability, they may rebook you for the next flight with a nominal fee.",,
103,Check_in_info,English,Are there any restaurants before check-in?,"Yes, several cafés and food stalls are located in the public concourse area before security. They serve snacks, tea, and coffee around the clock.",departure,
104,Check_in_info,English,Can I check in without printed COVID certificate?,Most airlines now accept digital vaccination proof shown on your phone. Ensure it’s readable and valid for your travel destination.,departure,
105,Check_in_info,English,What should I do if my flight is delayed after check-in?,Stay within the departure lounge area after clearing security. Flight delay announcements are made both over the speakers and on display screens.,departure,
106,Check_in_info,English,Can I check in for connecting flights from different airlines?,"If your tickets are on different airlines, you’ll need to check in separately at each airline’s counter. Multi-airline connections are not automatically linked.",departure,
107,Check_in_info,English,What should I do if my baggage is overweight but I can’t remove items?,You may purchase extra baggage allowance directly at the counter. Rates differ per airline and are calculated per kilogram.,departure,
108,Check_in_info,English,Can I check in for a friend or family member?,"No, each passenger must be physically present during check-in for ID and baggage verification. However, you can assist them up to the entrance.",departure,
109,Check_in_info,English,How do I know which terminal my flight uses?,"Islamabad Airport has a unified terminal, but international and domestic zones are separated. Check your airline confirmation or ask at information desk.",departure,
110,Check_in_info,English,Is there a pharmacy near the check-in area?,"Yes, a 24-hour pharmacy is located beside Gate 3 offering basic medicines, baby products, and travel essentials.",departure,
111,Check_in_info,English,Can I check in if my passport is expiring soon?,Airlines typically require at least six months validity for international travel. Please renew before attempting check-in.,departure,
112,Check_in_info,English,Is there a dress code for check-in?,"There is no strict dress code, but passengers are advised to dress modestly and avoid clothing with metallic accessories to ease security screening.",departure,
113,Check_in_info,English,Can I carry Zamzam water in my luggage?,"Yes, for pilgrims returning from Umrah or Hajj, airlines have dedicated packaging rules for Zamzam water. Ensure it’s sealed and labeled properly.",departure,
114,Check_in_info,English,Can I use Pakistani rupees to pay for extra luggage?,"Yes, all airlines operating in Pakistan accept PKR payments. Foreign currency is optional for international travelers.",departure,
115,Check_in_info,English,Is there a customer service counter near check-in?,"Yes, the Airport Facilitation Desk is located opposite Row C, assisting passengers with directions, forms, and lost property.",departure,
116,Check_in_info,English,Can I check in with a copy of my passport?,"No, original passports are mandatory for international travel. Photocopies are not accepted at check-in counters.",departure,
117,Check_in_info,English,Are there restrooms near the check-in area?,"Yes, restrooms are located beside every departure hall gate, kept clean and accessible for all passengers.",departure,
118,Check_in_info,English,Can I get a wheelchair on arrival at check-in?,"Yes, request one from your airline staff at the counter or call in advance. Assistance is available from check-in till boarding gate.",departure,
119,Check_in_info,English,Is it allowed to carry perfumes in hand luggage?,"Yes, you can carry perfume bottles under 100 ml in your hand luggage. Larger bottles must go in checked bags.",departure,
120,Check_in_info,English,Where can I ask for flight rescheduling?,"Rescheduling and cancellations are managed at the ticketing desk of your airline, located beside the main check-in area.",departure,
121,Check_in_info,English,Can I check in with my pet cat?,"Yes, cats and small pets can travel if placed in approved carriers and with vaccination records. Inform your airline in advance.",departure,
122,Check_in_info,English,What should I do if my luggage lock is broken?,Inform the counter agent immediately. The damaged lock will be noted on your baggage record to avoid disputes on arrival.,departure,
123,Check_in_info,English,How can I track my luggage after check-in?,"Keep your baggage tag receipt. In case of loss, your airline can trace your bag using this number.",departure,
124,Check_in_info,English,Can I check in baby stroller for free?,"Yes, strollers are checked in free of charge and returned at the aircraft door upon landing.",departure,
125,Check_in_info,English,What happens if I lose my boarding pass before boarding?,Immediately report it to your airline counter before security. They can reissue it after verifying your ID.,departure,
126,Check_in_info,English,Can I ask for window seat at check-in?,"Yes, you may request a window or aisle seat at the counter. Allocation depends on availability.",departure,
127,Check_in_info,English,Is there a prayer room near check-in?,"Yes, prayer rooms for men and women are located near Gate 5 inside the departure hall.",departure,
128,Check_in_info,English,Can I carry my camera equipment as hand-carry?,"Yes, cameras and lenses can be carried as hand luggage if they meet size and weight limits. Handle carefully during screening.",departure,
129,Check_in_info,English,Is Wi-Fi free during check-in process?,"Yes, free Wi-Fi is available throughout the terminal. Connect to IIA-FreeNet and follow on-screen instructions.",departure,
130,Check_in_info,English,How early should I check in for a group flight?,"For groups over 5 passengers, it’s best to arrive at least 3.5 hours before departure to ensure everyone is processed together.",departure,
131,Check_in_info,English,Are face masks still required at check-in?,Masks are optional but recommended in crowded areas. Sanitizer dispensers are placed throughout the hall for public use.,departure,
132,Check_in_info,English,Can I check in with damaged luggage?,"Yes, but inform the airline staff to mark the condition on your baggage receipt to avoid confusion later.",departure,
133,Check_in_info,English,Can I bring sealed liquids like juice bottles?,"Only if they’re under 100 ml in carry-on or sealed properly in checked bags. Otherwise, they may be discarded at security.",departure,
134,Check_in_info,English,Are there ATMs near check-in?,"Yes, multiple ATMs are available near the entrance and beside Row B for passenger convenience.",departure,
135,Check_in_info,English,What happens if my printed ticket is blurred?,Staff can verify your booking using the PNR or CNIC number and issue a new boarding pass instantly.,departure,
136,Check_in_info,English,Is there a separate check-in counter for VIPs?,"Yes, diplomatic and VIP passengers are assisted at dedicated counters with private waiting areas.",departure,
137,Check_in_info,English,Can I check in power banks in luggage?,"No, power banks must be in your hand luggage due to airline safety regulations.",departure,
138,Check_in_info,English,Can I check in sharp items like scissors?,"No, sharp items are prohibited in hand luggage. Place them in checked baggage.",departure,
139,Check_in_info,English,Is there an emergency medical service near check-in?,"Yes, an airport medical unit operates 24/7 near Gate 3 for emergencies and first aid.",departure,
140,Check_in_info,English,Can I keep extra bags in storage before check-in?,"Yes, you can store items temporarily at the baggage service counter beside Row C for a small hourly charge.",departure,
141,Check_in_info,English,Are there smoking areas before check-in?,Smoking zones are available outside the terminal building only. The inside is a smoke-free area.,departure,
142,Check_in_info,English,Can I check in fragile glass items?,"Yes, but label them clearly and request a “FRAGILE” tag from the counter staff.",departure,
143,Check_in_info,English,Can I bring electronics like laptops and tablets?,"Yes, but remove them from your bags during security screening. Carry them in hand luggage.",departure,
144,Check_in_info,English,Is there any charge for reissuing a lost boarding pass?,"Generally no, but some airlines charge a small administrative fee. Confirm with your airline staff.",departure,
145,Check_in_info,English,Can I use digital payment apps to pay baggage fees?,"Yes, most airlines accept debit/credit cards and Pakistani digital wallets like Easypaisa or JazzCash for baggage payments.",departure,
146,Check_in_info,English,How do I identify international vs domestic counters?,"International counters are marked in blue boards, while domestic are shown in green. Both have visible airline logos overhead.",departure,
147,Check_in_info,English,Is check-in available for transit passengers?,"Yes, passengers arriving on connecting flights can recheck baggage at the Transit Help Desk near Gate 6.",departure,
148,Check_in_info,English,Can I carry gifts wrapped in boxes?,"Avoid wrapping gifts before check-in. Security might need to inspect inside, so it’s better to wrap them after screening.",departure,
149,Check_in_info,English,Can I check in a bicycle?,"Yes, bicycles must be partially dismantled and packed in boxes. Check your airline’s sports equipment policy for charges.",departure,
150,Check_in_info,English,Can I check in without showing my ticket?,"No, you must show either a printed or digital ticket along with CNIC or passport at the counter.",departure,
151,Check_in_info,Urdu,میرا چیک ان کاؤنٹر کہاں ہے؟,براہ کرم اپنی ایئرلائن کے چیک ان کاؤنٹر پر جائیں، روانگی ہال میں نشانات موجود ہیں۔,Departure,
152,Check_in_info,Urdu,پی آئی اے کا کاؤنٹر کس قطار میں ہے؟,پی آئی اے کے کاؤنٹر قطار سی میں گیٹ ۴ کے قریب واقع ہیں۔,Departure,
153,Check_in_info,Urdu,سیریں ایئر کا چیک ان کہاں ہوتا ہے؟,سیریں ایئر کے کاؤنٹر قطار بی میں ہیں، وہاں عملہ آپ کی رہنمائی کرے گا۔,Departure,
154,Check_in_info,Urdu,کیا میں آن لائن چیک ان کے بعد بیگ جمع کرا سکتا ہوں؟,جی ہاں، بیگیج ڈراپ کاؤنٹر پر جائیں جہاں “Online Check-In” لکھا ہے۔,Departure,
155,Check_in_info,Urdu,میں نے آن لائن بورڈنگ پاس نکالا ہے، کیا کافی ہے؟,جی ہاں، موبائل یا پرنٹ دونوں منظور ہیں۔,Departure,
156,Check_in_info,Urdu,چیک ان کب کھلتا ہے؟,بین الاقوامی پروازوں کے لیے ۳ گھنٹے پہلے اور ملکی پروازوں کے لیے ۲ گھنٹے پہلے کھلتا ہے۔,Departure,
157,Check_in_info,Urdu,چیک ان کب بند ہوتا ہے؟,ملکی پروازوں کے لیے ۴۵ منٹ اور بین الاقوامی کے لیے ۶۰ منٹ پہلے بند ہوتا ہے۔,Departure,
158,Check_in_info,Urdu,کیا اسلام آباد ایئرپورٹ پر خودکار چیک ان مشین ہے؟,جی ہاں، ہال بی کے داخلی دروازے کے قریب سیلف چیک-ان کاؤنٹر موجود ہیں۔,Departure,
159,Check_in_info,Urdu,بورڈنگ پاس کہاں سے ملے گا؟,ایئرلائن کے کاؤنٹر سے چیک ان مکمل کرنے پر بورڈنگ پاس جاری کیا جاتا ہے۔,Departure,
160,Check_in_info,Urdu,کیا کارگو بیگ بھی یہی جمع ہوتا ہے؟,نہیں، کارگو کے لیے علیحدہ کاؤنٹر ہے، نشانیاں موجود ہیں۔,Departure,
161,Check_in_info,Urdu,میرا سامان زیادہ وزن کا ہے، کہاں جاؤں؟,اضافی وزن کی ادائیگی کے لیے قطار ڈی کے قریب ایکسٹرابیگیج ڈیسک پر جائیں۔,Departure,
162,Check_in_info,Urdu,کیا فیملی کے لیے علیحدہ کاؤنٹر ہے؟,جی ہاں، بچوں والی فیملیز کے لیے ترجیحی لائن دستیاب ہے۔,Departure,
163,Check_in_info,Urdu,خصوصی معاونت والے مسافر کہاں جائیں؟,کاؤنٹر ۱ خصوصی معاونت والے مسافروں کے لیے مخصوص ہے۔,Departure,
164,Check_in_info,Urdu,فاسٹ ٹریک چیک ان کیا ہے؟,یہ بزنس یا پریمیئم مسافروں کے لیے تیز رفتار سروس ہے۔,Departure,
165,Check_in_info,Urdu,کیا میں دو بیگ جمع کرا سکتا ہوں؟,جی ہاں، وزن ایئرلائن کی حد میں ہو تو اجازت ہے۔,Departure,
166,Check_in_info,Urdu,ہاتھ کے سامان کی زیادہ سے زیادہ حد کیا ہے؟,۷ کلوگرام تک، لیکن اپنی ایئرلائن سے تصدیق کر لیں۔,Departure,
167,Check_in_info,Urdu,بیگیج ریپنگ کہاں ہوتی ہے؟,گیٹ ۳ کے قریب بیگیج ریپنگ سروس دستیاب ہے۔,Departure,
168,Check_in_info,Urdu,کیا میں اپنا سامان پہلے دن جمع کرا سکتا ہوں؟,نہیں، چیک ان صرف پرواز کے دن ہی ممکن ہے۔,Departure,
169,Check_in_info,Urdu,کیا میں واپس جانے والی فلائٹ کے لیے بھی چیک ان کر سکتا ہوں؟,عام طور پر صرف موجودہ پرواز کے لیے چیک ان کیا جاتا ہے۔,Departure,
170,Check_in_info,Urdu,بورڈنگ پاس پر کیا معلومات لکھی ہوتی ہیں؟,اس پر گیٹ نمبر، نشست، اور بورڈنگ ٹائم درج ہوتا ہے۔,Departure,
171,Check_in_info,Urdu,کیا میں بیگ کے ساتھ پلاسٹک ریپنگ کروا سکتا ہوں؟,جی ہاں، ہال کے اندر یہ سہولت موجود ہے۔,Departure,
172,Check_in_info,Urdu,کیا چیک ان کے بعد باہر جا سکتا ہوں؟,نہیں، سکیورٹی چیک کے بعد دوبارہ داخلہ ممنوع ہے۔,Departure,
173,Check_in_info,Urdu,اگر میری پرواز تاخیر کا شکار ہے تو کیا کاؤنٹر کھلا رہے گا؟,جی ہاں، فلائٹ شیڈول کے مطابق کاؤنٹر ایڈجسٹ کیا جاتا ہے۔,Departure,
174,Check_in_info,Urdu,میرا بورڈنگ پاس گم گیا ہے، کیا دوبارہ مل سکتا ہے؟,جی ہاں، اپنی ایئرلائن کے کاؤنٹر سے نیا پاس حاصل کریں۔,Departure,
175,Check_in_info,Urdu,کیا میں کسی اور کا بیگ جمع کرا سکتا ہوں؟,نہیں، ہر مسافر کو اپنا سامان خود جمع کرانا ہوتا ہے۔,Departure,
176,Check_in_info,Urdu,میں نے ای ٹکٹ خریدا ہے، کیا پرنٹ ضروری ہے؟,نہیں، موبائل پر دکھانا کافی ہے۔,Departure,
177,Check_in_info,Urdu,بین الاقوامی مسافروں کے لیے کاؤنٹر کہاں ہیں؟,قطار اے میں، امیگریشن انٹری کے قریب۔,Departure,
178,Check_in_info,Urdu,ملکی پروازوں کے لیے کون سا ہال ہے؟,روانگی ہال بی ملکی پروازوں کے لیے مخصوص ہے۔,Departure,
179,Check_in_info,Urdu,کیا میں اپنی سیٹ بدل سکتا ہوں؟,بعض ایئرلائنز چیک ان پر سیٹ چینج کی اجازت دیتی ہیں۔,Departure,
180,Check_in_info,Urdu,میرا فلائٹ نمبر پی کے ۳۰۱ ہے، کہاں جاؤں؟,پی کے ۳۰۱ کا چیک ان کاؤنٹر قطار سی میں ہے۔,Departure,
181,Check_in_info,Urdu,کیا معذور مسافروں کے لیے ویل چئیر دستیاب ہے؟,جی ہاں، درخواست پر عملہ فراہم کرتا ہے۔,Departure,
182,Check_in_info,Urdu,کیا چیک ان کے وقت پاسپورٹ ضروری ہے؟,جی ہاں، بین الاقوامی پروازوں کے لیے لازمی ہے۔,Departure,
183,Check_in_info,Urdu,ایئرپورٹ کا عملہ کتنے بجے آتا ہے؟,زیادہ تر کاؤنٹر پرواز سے تین گھنٹے پہلے کھلتے ہیں۔,Departure,
184,Check_in_info,Urdu,میں دیر سے پہنچا ہوں، کیا بورڈنگ ہو سکتی ہے؟,اگر کاؤنٹر بند نہ ہوا ہو تو عملہ مدد کرے گا۔,Departure,
185,Check_in_info,Urdu,کیا چیک ان کے لیے کوئی فیس ہے؟,نہیں، یہ مفت عمل ہے۔,Departure,
186,Check_in_info,Urdu,کیا میں آن لائن چیک ان کینسل کر سکتا ہوں؟,جی ہاں، ایئرلائن کی ویب سائٹ پر تبدیلی ممکن ہے۔,Departure,
187,Check_in_info,Urdu,کیا اسلام آباد ایئرپورٹ ۲۴ گھنٹے کھلا ہے؟,جی ہاں، تمام بین الاقوامی پروازوں کے لیے۔,Departure,
188,Check_in_info,Urdu,کسٹم چیک کہاں ہوتا ہے؟,سکیورٹی کے بعد روانگی زون میں۔,Departure,
189,Check_in_info,Urdu,کیا میں ہینڈ بیگ میں دو پانی کی بوتلیں لے جا سکتا ہوں؟,نہیں، صرف ۱۰۰ ملی لیٹر کی بوتلیں قابلِ اجازت ہیں۔,Departure,
190,Check_in_info,Urdu,کیا وزن تولنے کے لیے مشین دستیاب ہے؟,جی ہاں، ہر قطار کے قریب وزن اسکیل نصب ہیں۔,Departure,
191,Check_in_info,Urdu,میرا سامان کھو گیا تو کیا ہوگا؟,ایئرلائن کے بیگیج کلیم کاؤنٹر سے رپورٹ کریں۔,Departure,
192,Check_in_info,Urdu,میں نے ٹرالی کہاں سے لینی ہے؟,ہر داخلی دروازے پر ٹرالیاں دستیاب ہیں۔,Departure,
193,Check_in_info,Urdu,کیا میں چیک ان سے پہلے کھانا کھا سکتا ہوں؟,جی ہاں، فوڈ کورٹ داخلی حصے میں موجود ہے۔,Departure,
194,Check_in_info,Urdu,کیا اسلام آباد ایئرپورٹ پر بزنس لاؤنج ہے؟,جی ہاں، ہال اے کے قریب۔,Departure,
195,Check_in_info,Urdu,اگر نظام بند ہو گیا تو کیا دستی چیک ان ممکن ہے؟,جی ہاں، عملہ دستی طریقے سے مدد کرے گا۔,Departure,
196,Check_in_info,Urdu,کیا میں اپنے دوست کو ساتھ لا سکتا ہوں؟,صرف مسافر روانگی زون میں داخل ہو سکتا ہے۔,Departure,
197,Check_in_info,Urdu,کیا میں ادویات بیگ میں رکھ سکتا ہوں؟,جی ہاں، لیکن ہاتھ کے بیگ میں رکھنا بہتر ہے۔,Departure,
198,Check_in_info,Urdu,چیک ان کے بعد بورڈنگ گیٹ کہاں ہے؟,گیٹ نمبر آپ کے بورڈنگ پاس پر درج ہے۔,Departure,
199,Check_in_info,Urdu,اسلام آباد سے دبئی فلائٹ کے لیے کون سا ہال ہے؟,بین الاقوامی ہال اے سے دبئی کی پروازیں روانہ ہوتی ہیں۔,Departure,
200,Check_in_info,Urdu,کیا سامان پلاسٹک میں لپیٹنا لازمی ہے؟,نہیں، مگر حفاظت کے لیے مفید ہے۔,Departure,
201,Check_in_info,Urdu,کیا چیک ان کے بعد انٹری دوبارہ ممکن ہے؟,نہیں، ایک بار باہر نکلنے کے بعد نیا پاس درکار ہوتا ہے۔,Departure,
202,Check_in_info,Urdu,کیا میرا پاور بینک بیگ میں جا سکتا ہے؟,نہیں، صرف ہینڈ کیر میں رکھیں۔,Departure,
203,Check_in_info,Urdu,کیا میں اپنی پرواز کا وقت یہاں چیک کر سکتا ہوں؟,جی ہاں، ہال کے اندر نصب فلائٹ اسکرینز پر روانگی اوقات دیکھے جا سکتے ہیں۔,Departure,
204,Check_in_info,Urdu,کیا چیک ان کے دوران فون استعمال کر سکتا ہوں؟,جی ہاں، لیکن سکیورٹی یا اسکیننگ کے وقت موبائل استعمال نہ کریں۔,Departure,
205,Check_in_info,Urdu,کیا چیک ان سے پہلے سکیورٹی چیک ہوتا ہے؟,نہیں، سکیورٹی چیک بورڈنگ کے مرحلے پر ہوتا ہے۔,Departure,
206,Check_in_info,Urdu,کیا میں ایئرپورٹ سے ویزا کاپی پر سفر کر سکتا ہوں؟,نہیں، اصل پاسپورٹ لازمی ہے۔,Departure,
207,Check_in_info,Urdu,اگر میں چیک ان مس کر دوں تو کیا ہو گا؟,آپ کی نشست منسوخ ہو سکتی ہے، فوری طور پر ایئرلائن کاؤنٹر سے رابطہ کریں۔,Departure,
208,Check_in_info,Urdu,کیا عملہ میرے ساتھ سامان اٹھانے میں مدد کرے گا؟,جی ہاں، پورٹر سروس دستیاب ہے، آپ فیس ادا کر کے مدد لے سکتے ہیں۔,Departure,
209,Check_in_info,Urdu,کیا چیک ان کے وقت بچے کی عمر کا ثبوت درکار ہے؟,جی ہاں، پیدائش سرٹیفیکیٹ یا پاسپورٹ دکھانا ضروری ہے۔,Departure,
210,Check_in_info,Urdu,میں نے پالتو جانور لانا ہے، کیا طریقہ ہے؟,ایئرلائن کے پالتو جانوروں کے قوانین کے مطابق کیج اور ٹکٹ لازمی ہے۔,Departure,
211,Check_in_info,Urdu,کیا ہینڈ کیری میں لیپ ٹاپ لے جا سکتا ہوں؟,جی ہاں، لیپ ٹاپ ہینڈ بیگ میں لے جانے کی اجازت ہے۔,Departure,
212,Check_in_info,Urdu,اگر میرا بیگ کھل گیا ہو تو کیا شکایت کر سکتا ہوں؟,جی ہاں، ایئرلائن کے بیگیج سپروائزر سے فوراً رابطہ کریں۔,Departure,
213,Check_in_info,Urdu,کیا اسلام آباد ایئرپورٹ پر مفت وائی فائی ہے؟,جی ہاں، چیک ان ایریا میں “IIAP Free WiFi” دستیاب ہے۔,Departure,
214,Check_in_info,Urdu,کیا میں کسی اور فلائٹ کے لیے بھی یہاں چیک ان کر سکتا ہوں؟,نہیں، صرف اپنی مخصوص فلائٹ کے لیے۔,Departure,
215,Check_in_info,Urdu,کیا بزنس کلاس کے لیے الگ کاؤنٹر ہے؟,جی ہاں، عام کاؤنٹرز کے ساتھ خصوصی کاؤنٹر موجود ہیں۔,Departure,
216,Check_in_info,Urdu,میں نے گھر سے چیک ان کیا ہے، اب کیا کرنا ہے؟,ایئرپورٹ پہنچ کر صرف بیگیج ڈراپ کاؤنٹر پر سامان جمع کرائیں۔,Departure,
217,Check_in_info,Urdu,کیا عملہ انگریزی بولتا ہے؟,جی ہاں، عملہ اردو اور انگریزی دونوں میں رہنمائی فراہم کرتا ہے۔,Departure,
218,Check_in_info,Urdu,کیا میں دوست کے ساتھ لائن میں کھڑا ہو سکتا ہوں؟,صرف اگر دونوں ایک ہی فلائٹ کے مسافر ہوں۔,Departure,
219,Check_in_info,Urdu,اگر فلائٹ کا گیٹ بدل جائے تو کیسے پتا چلے گا؟,فلائٹ اسکرین پر گیٹ نمبر اپڈیٹ ہوتا ہے، اعلانات بھی کیے جاتے ہیں۔,Departure,
220,Check_in_info,Urdu,کیا میں ڈالرز ساتھ لے جا سکتا ہوں؟,جی ہاں، اسٹیٹ بینک کی مقررہ حد کے اندر۔,Departure,
221,Check_in_info,Urdu,کیا ایئرپورٹ پر کرنسی ایکسچینج ہے؟,جی ہاں، چیک ان ہال کے قریب دو ایکسچینج ڈیسک ہیں۔,Departure,
222,Check_in_info,Urdu,کیا میں سامان میں کھانے کی چیزیں رکھ سکتا ہوں؟,جی ہاں، اگر ممنوعہ اشیاء نہ ہوں۔,Departure,
223,Check_in_info,Urdu,کیا میں دو الگ ایئرلائنز کی فلائٹ لے سکتا ہوں؟,جی ہاں، مگر ہر فلائٹ کا الگ چیک ان ہوگا۔,Departure,
224,Check_in_info,Urdu,کیا میں ہینڈ بیگ میں پاور بینک رکھ سکتا ہوں؟,جی ہاں، صرف ہینڈ بیگ میں رکھیں، چیکڈ بیگ میں نہیں۔,Departure,
225,Check_in_info,Urdu,کیا اسٹالر یا وہیل چیئر کا بندوبست چیک ان پر ہو گا؟,جی ہاں، عملہ درخواست پر فوری مدد فراہم کرتا ہے۔,Departure,
226,Check_in_info,Urdu,کیا میں کسی اور کے لیے بورڈنگ پاس لے سکتا ہوں؟,نہیں، ہر مسافر کو خود موجود ہونا ضروری ہے۔,Departure,
227,Check_in_info,Urdu,کیا چیک ان کے بعد ٹیکس ریفنڈ کا کاؤنٹر ہے؟,نہیں، اسلام آباد ایئرپورٹ پر ٹیکس ریفنڈ سہولت نہیں ہے۔,Departure,
228,Check_in_info,Urdu,کیا میں اپنا بیگ لاک کر سکتا ہوں؟,جی ہاں، اپنی حفاظت کے لیے لاک استعمال کریں۔,Departure,
229,Check_in_info,Urdu,اگر بیگیج ٹیگ گم جائے تو کیا ہو گا؟,ایئرلائن عملہ فلائٹ تفصیلات سے بیگ تلاش کر سکتا ہے۔,Departure,
230,Check_in_info,Urdu,کیا سامان کی تاخیر پر کوئی معاوضہ ہے؟,جی ہاں، ایئرلائن کے قواعد کے مطابق معاوضہ دیا جا سکتا ہے۔,Departure,
231,Check_in_info,Urdu,کیا چیک ان کے بعد میں خریداری کر سکتا ہوں؟,جی ہاں، سکیورٹی چیک کے بعد ڈیوٹی فری شاپس دستیاب ہیں۔,Departure,
232,Check_in_info,Urdu,کیا میں ٹرالی ایریا میں لے جا سکتا ہوں؟,نہیں، ٹرالیاں مخصوص ایریا تک محدود ہیں۔,Departure,
233,Check_in_info,Urdu,کیا میں اپنے بیگ پر اسٹیکر لگا سکتا ہوں؟,جی ہاں، شناخت کے لیے یہ مفید ہے۔,Departure,
234,Check_in_info,Urdu,کیا سامان اسکیننگ کے دوران کھولا جا سکتا ہے؟,ہاں، ضرورت پڑنے پر سکیورٹی اسٹاف کھول سکتا ہے۔,Departure,
235,Check_in_info,Urdu,کیا میں بیگ میں پرفیوم رکھ سکتا ہوں؟,صرف ۱۰۰ ملی لیٹر یا اس سے کم مقدار۔,Departure,
236,Check_in_info,Urdu,کیا میں بورڈنگ پاس میں تبدیلی کر سکتا ہوں؟,نہیں، بورڈنگ پاس جاری ہونے کے بعد تبدیلی ممکن نہیں۔,Departure,
237,Check_in_info,Urdu,کیا اسلام آباد ایئرپورٹ میں پارکنگ ہے؟,جی ہاں، چیک ان ہال کے سامنے وسیع پارکنگ موجود ہے۔,Departure,
238,Check_in_info,Urdu,کیا میں سامان کی رسید ایئرپورٹ پر دوبارہ لے سکتا ہوں؟,جی ہاں، ایئرلائن کے کسٹمر سروس کاؤنٹر سے۔,Departure,
239,Check_in_info,Urdu,کیا بچوں کے لیے علیحدہ لائن ہے؟,جی ہاں، فیملی لائنز دستیاب ہیں۔,Departure,
240,Check_in_info,Urdu,کیا اسلام آباد ایئرپورٹ پر لاؤنج ہے؟,جی ہاں، پی آئی اے بزنس لاؤنج گیٹ ۵ کے قریب ہے۔,Departure,
241,Check_in_info,Urdu,کیا میں ہینڈ بیگ میں چھری رکھ سکتا ہوں؟,نہیں، یہ سکیورٹی ضابطے کی خلاف ورزی ہے۔,Departure,
242,Check_in_info,Urdu,کیا میں اپنا پاسپورٹ اسکین کروا سکتا ہوں؟,جی ہاں، کاؤنٹر پر عملہ اسکین کرے گا۔,Departure,
243,Check_in_info,Urdu,کیا سامان جمع کرانے کے بعد میں باتھ روم جا سکتا ہوں؟,جی ہاں، روانگی ہال میں واش رومز موجود ہیں۔,Departure,
244,Check_in_info,Urdu,کیا اسلام آباد ایئرپورٹ پر پانی دستیاب ہے؟,جی ہاں، پینے کا پانی ہر ہال میں موجود ہے۔,Departure,
245,Check_in_info,Urdu,کیا میں اضافی بیگ ساتھ لے جا سکتا ہوں؟,ایئرلائن کی فیس ادا کر کے ممکن ہے۔,Departure,
246,Check_in_info,Urdu,کیا میں گیٹ پر پہنچ کر سیٹ بدل سکتا ہوں؟,نہیں، یہ صرف چیک ان پر ممکن ہوتا ہے۔,Departure,
247,Check_in_info,Urdu,کیا اسلام آباد ایئرپورٹ پر پورٹر دستیاب ہیں؟,جی ہاں، داخلے کے قریب موجود ہیں۔,Departure,
248,Check_in_info,Urdu,کیا میں ہال کے اندر فوٹو لے سکتا ہوں؟,ہاں، مگر سکیورٹی یا امیگریشن ایریا میں نہیں۔,Departure,
249,Check_in_info,Urdu,کیا ایئرپورٹ پر ہیلپ ڈیسک ہے؟,جی ہاں، روانگی ہال کے مرکز میں۔,Departure,
250,Check_in_info,Urdu,کیا میں چیک ان کے دوران مسافر معلومات بدل سکتا ہوں؟,نہیں، صرف ایئرلائن دفتر سے ممکن ہے۔,Departure,
251,Check_in_info,Urdu,کیا میں اپنا بیگ وزن کم کر سکتا ہوں؟,جی ہاں، اضافی چیزیں نکال کر۔,Departure,
252,Check_in_info,Urdu,کیا ایئرپورٹ پر اے ٹی ایم ہے؟,جی ہاں، روانگی ہال کے داخلی دروازے کے قریب۔,Departure,
253,Check_in_info,Urdu,کیا میں اپنے موبائل سے بورڈنگ پاس دکھا سکتا ہوں؟,جی ہاں، اسکرین پر دکھانا کافی ہے۔,Departure,
254,Check_in_info,Urdu,کیا میں سفری دستاویزات فوٹو کاپی کر سکتا ہوں؟,جی ہاں، انفارمیشن ڈیسک کے قریب سہولت موجود ہے۔,Departure,
255,Check_in_info,Urdu,کیا میں آن لائن چیک ان کے بعد سیٹ بدل سکتا ہوں؟,صرف اگر ایئرلائن اجازت دے۔,Departure,
256,Check_in_info,Urdu,کیا چیک ان کے بعد مجھے کہاں جانا ہے؟,سکیورٹی چیک کے لیے آگے بڑھیں اور پھر گیٹ پر جائیں۔,Departure,
257,Check_in_info,Urdu,کیا میں چیک ان کے وقت ویکسین سرٹیفکیٹ دکھانا ہے؟,بعض ممالک کے لیے لازمی ہے۔,Departure,
258,Check_in_info,Urdu,کیا میں آن لائن چیک ان بند کر سکتا ہوں؟,جی ہاں، ایئرلائن ویب سائٹ سے ممکن ہے۔,Departure,
259,Check_in_info,Urdu,کیا چیک ان کے دوران عملہ میرا بیگ کھولے گا؟,صرف سکیورٹی وجوہات کی صورت میں۔,Departure,
260,Check_in_info,Urdu,کیا میں کرنسی بیگ میں رکھ سکتا ہوں؟,بہتر ہے کہ ہاتھ کے بیگ میں رکھیں۔,Departure,
261,Check_in_info,Urdu,کیا میں ائیرپورٹ پر کسی کو رخصت کرنے جا سکتا ہوں؟,صرف ٹکٹ ہولڈر مسافروں کو اجازت ہے۔,Departure,
262,Check_in_info,Urdu,کیا اسلام آباد ایئرپورٹ پر فری چارجنگ پوائنٹ ہے؟,جی ہاں، بیٹھنے کے قریب USB پورٹس دستیاب ہیں۔,Departure,
263,Check_in_info,Urdu,کیا میں عملے سے سیٹ اپگریڈ کی درخواست کر سکتا ہوں؟,جی ہاں، اگر بزنس کلاس خالی ہو تو ممکن ہے۔,Departure,
264,Check_in_info,Urdu,کیا میں پرواز کا بورڈنگ ٹائم جان سکتا ہوں؟,بورڈنگ پاس پر وقت درج ہوتا ہے۔,Departure,
265,Check_in_info,Urdu,کیا چیک ان کے وقت سفر انشورنس دکھانی ہے؟,نہیں، صرف ٹکٹ اور شناختی دستاویز کافی ہیں۔,Departure,
266,Check_in_info,Urdu,کیا میں پرواز کے دن بیگ پہلے بھیج سکتا ہوں؟,نہیں، بیگ صرف چیک ان کے وقت جمع ہوتا ہے۔,Departure,
267,Check_in_info,Urdu,کیا میں سامان میں الیکٹرانک چیزیں رکھ سکتا ہوں؟,جی ہاں، مگر نازک اشیاء ہینڈ کیری میں رکھیں۔,Departure,
268,Check_in_info,Urdu,کیا اسلام آباد ایئرپورٹ پر مسافر سہولت اسٹاف ہے؟,جی ہاں، ہر قطار میں عملہ موجود ہے۔,Departure,
269,Check_in_info,Urdu,کیا میں بیگیج پر اپنا نمبر لکھ سکتا ہوں؟,جی ہاں، شناخت کے لیے بہتر ہے۔,Departure,
270,Check_in_info,Urdu,کیا میں اپنی فلائٹ کی تاخیر کی اطلاع حاصل کر سکتا ہوں؟,جی ہاں، فلائٹ مانیٹر یا اعلان سے۔,Departure,
271,Check_in_info,Urdu,کیا میں دو مختلف ایئرلائنز سے سفر کر سکتا ہوں؟,جی ہاں، لیکن دونوں کا الگ چیک ان ہو گا۔,Departure,
272,Check_in_info,Urdu,کیا بیگیج ریپنگ لازمی ہے؟,نہیں، مگر حفاظت کے لیے مفید ہے۔,Departure,
273,Check_in_info,Urdu,کیا میں ایئرپورٹ پر نیا ٹکٹ خرید سکتا ہوں؟,جی ہاں، ٹکٹنگ ڈیسک پر۔,Departure,
274,Check_in_info,Urdu,کیا میں اسلام آباد سے کراچی فلائٹ کے لیے کیا وقت لوں؟,کم از کم دو گھنٹے پہلے پہنچیں۔,Departure,
275,Check_in_info,Urdu,کیا چیک ان کے بعد کوئی اعلامیہ سنایا جاتا ہے؟,جی ہاں، گیٹ اور تاخیر کی اطلاع دی جاتی ہے۔,Departure,
276,Check_in_info,Urdu,کیا میں اپنا بورڈنگ پاس کسی کو دکھا سکتا ہوں؟,ہاں، صرف سکیورٹی اہلکار کو۔,Departure,
277,Check_in_info,Urdu,کیا اسلام آباد ایئرپورٹ پر ماسک لازمی ہے؟,موجودہ ہدایات کے مطابق۔,Departure,
278,Check_in_info,Urdu,کیا میں ایئرپورٹ عملے سے بیگ لفافہ مانگ سکتا ہوں؟,جی ہاں، چیک ان کاؤنٹر پر دستیاب ہے۔,Departure,
279,Check_in_info,Urdu,کیا میں ادائیگی کارڈ سے کر سکتا ہوں؟,جی ہاں، زیادہ تر ایئرلائنز کارڈ قبول کرتی ہیں۔,Departure,
280,Check_in_info,Urdu,کیا میں اپنا بورڈنگ پاس ای میل سے حاصل کر سکتا ہوں؟,جی ہاں، ایئرلائن ویب سائٹ سے۔,Departure,
281,Check_in_info,Urdu,کیا اسلام آباد ایئرپورٹ پر شکایات کا کاؤنٹر ہے؟,جی ہاں، انفارمیشن ڈیسک کے ساتھ۔,Departure,
282,Check_in_info,Urdu,کیا میں اپنا بورڈنگ پاس دوبارہ پرنٹ کر سکتا ہوں؟,جی ہاں، ایئرلائن کاؤنٹر سے۔,Departure,
283,Check_in_info,Urdu,کیا میں دو الگ پروازوں کے لیے ایک ہی دن چیک ان کر سکتا ہوں؟,نہیں، ہر پرواز کا علیحدہ چیک ان ہوتا ہے۔,Departure,
284,Check_in_info,Urdu,کیا میں نادرا کارڈ سے چیک ان کر سکتا ہوں؟,جی ہاں، ملکی پروازوں کے لیے۔,Departure,
285,Check_in_info,Urdu,کیا میں پرواز سے پہلے کاؤنٹر پر کھانا خرید سکتا ہوں؟,جی ہاں، کیفے اور ریسٹورنٹس دستیاب ہیں۔,Departure,
286,Check_in_info,Urdu,کیا چیک ان کے دوران میوزک سن سکتا ہوں؟,جی ہاں، اگر ہیڈ فون استعمال کر رہے ہوں۔,Departure,
287,Check_in_info,Urdu,کیا میں اپنا بورڈنگ پاس موبائل سے اسکین کرا سکتا ہوں؟,جی ہاں، بار کوڈ اسکین ہوتا ہے۔,Departure,
288,Check_in_info,Urdu,کیا چیک ان کے دوران عملہ تصویری شناخت لیتا ہے؟,صرف ضرورت کی صورت میں۔,Departure,
289,Check_in_info,Urdu,کیا اسلام آباد ایئرپورٹ پر نماز کے لیے جگہ ہے؟,جی ہاں، ہال کے قریب مسجد موجود ہے۔,Departure,
290,Check_in_info,Urdu,کیا میں اپنا بورڈنگ پاس کسی اور کو بھیج سکتا ہوں؟,نہیں، یہ ذاتی دستاویز ہے۔,Departure,
291,Check_in_info,Urdu,کیا چیک ان کے دوران سفری ٹیکس ادا کرنا ہوتا ہے؟,نہیں، وہ ٹکٹ میں شامل ہوتا ہے۔,Departure,
292,Check_in_info,Urdu,کیا میں بورڈنگ کے وقت بیگ واپس لے سکتا ہوں؟,نہیں، چیک ان کے بعد بیگ کارگو میں جاتا ہے۔,Departure,
293,Check_in_info,Urdu,کیا ایئرپورٹ پر دواؤں کا اسٹور ہے؟,جی ہاں، ہال اے کے قریب میڈیکل شاپ ہے۔,Departure,
294,Check_in_info,Urdu,کیا میں ایئرپورٹ پر چارجنگ کیبل خرید سکتا ہوں؟,جی ہاں، کنوینینس شاپس میں دستیاب ہے۔,Departure,
295,Check_in_info,Urdu,کیا میں اپنا موبائل چارج کرتے وقت کاؤنٹر کے قریب بیٹھ سکتا ہوں؟,جی ہاں، چیک ان ہال میں چارجنگ پوائنٹس کے ساتھ نشستیں دستیاب ہیں۔,Departure,
296,Check_in_info,Urdu,کیا میں عملے سے پرواز کی تاخیر کی تصدیق کر سکتا ہوں؟,جی ہاں، ایئرلائن کے نمائندے سے تازہ معلومات حاصل کریں۔,Departure,
297,Check_in_info,Urdu,اگر میرا شناختی کارڈ ایکسپائر ہو گیا ہے تو کیا سفر کر سکتا ہوں؟,نہیں، درست شناختی دستاویز ضروری ہے۔ براہ کرم نیا CNIC یا پاسپورٹ لائیں۔,Departure,
298,Check_in_info,Urdu,کیا میں اپنے دوست کو بورڈنگ گیٹ تک چھوڑنے جا سکتا ہوں؟,نہیں، صرف مسافروں کو سکیورٹی چیک کے بعد آگے جانے کی اجازت ہے۔,Departure,
299,Check_in_info,Urdu,کیا اسلام آباد ایئرپورٹ پر گمشدہ اشیاء کے لیے مدد مل سکتی ہے؟,جی ہاں، لاسٹ اینڈ فاؤنڈ ڈیسک ارائیول ہال کے قریب واقع ہے۔,Departure,
300,Check_in_info,Urdu,کیا میں چیک اِن کے بعد آرام کرنے کے لیے کوئی جگہ استعمال کر سکتا ہوں؟,جی ہاں، چیک اِن کے بعد لاؤنج ایریا میں آرام دہ نشستیں اور کیفے دستیاب ہیں۔,Departure,
301,Check_in_info,Roman Urdu,Mera check-in counter kahan hai?,"Apni airline ke check-in counter pe chalein, departure hall mein boards lage hue hain.",Departure,
302,Check_in_info,Roman Urdu,PIA ka counter kis row mein hai?,PIA ka counter Row C mein Gate 4 ke paas hai.,Departure,
303,Check_in_info,Roman Urdu,Serene Air ka check-in kahan hota hai?,"Serene Air ka counter Row B mein hai, staff wahan maujood hota hai.",Departure,
304,Check_in_info,Roman Urdu,Kya online check-in ke baad bag drop kar sakta hoon?,"Haan, “Online Check-In” likhe counter pe bag jama kar dein.",Departure,
305,Check_in_info,Roman Urdu,Mobile boarding pass chalega ya print zaroori hai?,"Mobile boarding pass chal jata hai, print optional hai.",Departure,
306,Check_in_info,Roman Urdu,Check-in kab khulta hai?,International flights ke liye 3 ghante pehle aur domestic ke liye 2 ghante pehle khulta hai.,Departure,
307,Check_in_info,Roman Urdu,Check-in kab band hota hai?,Domestic flights ke liye 45 minutes pehle aur international ke liye 1 ghanta pehle band hota hai.,Departure,
308,Check_in_info,Roman Urdu,Kya Islamabad Airport pe self check-in machine hai?,"Haan, hall B ke entrance pe self check-in kiosks lagi hui hain.",Departure,
309,Check_in_info,Roman Urdu,Boarding pass kahan milta hai?,Airline ke counter se check-in complete karne ke baad milta hai.,Departure,
310,Check_in_info,Roman Urdu,Extra baggage ka paisa kahan jama hota hai?,Row D ke paas Extra Baggage desk pe payment hoti hai.,Departure,
311,Check_in_info,Roman Urdu,Kya families ke liye alag counter hota hai?,"Haan, families aur bachon ke liye priority lane hoti hai.",Departure,
312,Check_in_info,Roman Urdu,Special assistance passengers kahan jaate hain?,Counter number 1 special assistance passengers ke liye hai.,Departure,
313,Check_in_info,Roman Urdu,Fast track check-in kya hota hai?,Ye service business class ya premium passengers ke liye hoti hai.,Departure,
314,Check_in_info,Roman Urdu,Kya do bags check-in kar sakta hoon?,"Haan, agar total weight airline limit ke andar ho to.",Departure,
315,Check_in_info,Roman Urdu,Hand carry ka maximum weight kitna hota hai?,"Normally 7 kg tak allowed hota hai, airline se confirm kar lein.",Departure,
316,Check_in_info,Roman Urdu,Baggage wrapping kahan hoti hai?,Gate 3 ke paas wrapping service available hai.,Departure,
317,Check_in_info,Roman Urdu,Kya ek din pehle bag drop kar sakta hoon?,"Nahi, sirf flight ke din hi bag drop hota hai.",Departure,
318,Check_in_info,Roman Urdu,Kya return flight ka check-in bhi karwa sakta hoon?,"Nahi, sirf current flight ka check-in hota hai.",Departure,
319,Check_in_info,Roman Urdu,Boarding pass pe kya likha hota hai?,"Is pe gate number, seat number aur boarding time likha hota hai.",Departure,
320,Check_in_info,Roman Urdu,Kya bag plastic mein wrap karwana zaroori hai?,"Zaroori nahi, lekin safety ke liye acha hai.",Departure,
321,Check_in_info,Roman Urdu,Agar flight delay ho jaye to counter khula rehta hai?,"Haan, flight schedule ke mutabiq counter open rehta hai.",Departure,
322,Check_in_info,Roman Urdu,"Boarding pass gum gaya hai, kya dobara mil sakta hai?","Haan, airline counter se naya pass mil jata hai.",Departure,
323,Check_in_info,Roman Urdu,Kya kisi aur ka bag check-in karwa sakta hoon?,"Nahi, har passenger apna bag khud jama karta hai.",Departure,
324,Check_in_info,Roman Urdu,E-ticket print karna zaroori hai kya?,"Nahi, mobile pe dikhana kaafi hai.",Departure,
325,Check_in_info,Roman Urdu,International passengers ke counters kahan hain?,"Row A mein, immigration entry ke paas.",Departure,
326,Check_in_info,Roman Urdu,Domestic flights ke liye kaunsa hall hai?,Departure Hall B domestic flights ke liye hai.,Departure,
327,Check_in_info,Roman Urdu,Kya seat change karwa sakta hoon?,"Haan, agar airline allow kare to check-in pe possible hai.",Departure,
328,Check_in_info,Roman Urdu,"Meri flight PK301 hai, kahan jaoon?",PK301 ka counter Row C mein hai.,Departure,
329,Check_in_info,Roman Urdu,Kya wheelchair mil sakti hai?,"Haan, request dene pe staff wheelchair provide karta hai.",Departure,
330,Check_in_info,Roman Urdu,Kya check-in ke liye passport zaroori hai?,"Haan, international flights ke liye lazmi hai.",Departure,
331,Check_in_info,Roman Urdu,Airport ka staff kitne bajay aata hai?,Counters flight se 3 ghante pehle open ho jaate hain.,Departure,
332,Check_in_info,Roman Urdu,Agar late ho jaoon to kya boarding ho sakti hai?,Agar counter band na hua ho to staff help karega.,Departure,
333,Check_in_info,Roman Urdu,Kya check-in free hota hai?,"Haan, koi extra charges nahi lagte.",Departure,
334,Check_in_info,Roman Urdu,Online check-in cancel kar sakta hoon?,"Haan, airline ki website se cancel kar sakte ho.",Departure,
335,Check_in_info,Roman Urdu,Islamabad Airport 24 ghante khula rehta hai kya?,"Haan, international flights ke liye 24/7 open hai.",Departure,
336,Check_in_info,Roman Urdu,Kya check-in ke baad main bahar ja sakta hoon?,"Nahi, security check ke baad dobara entry allowed nahi hoti.",Departure,
337,Check_in_info,Roman Urdu,Hand carry mein kitni liquid allowed hai?,Sirf 100 ml tak liquid allowed hai.,Departure,
338,Check_in_info,Roman Urdu,Kya weight check karne ki machine lagi hai?,"Haan, har row ke paas scale available hai.",Departure,
339,Check_in_info,Roman Urdu,Agar bag kho jaye to kya karna hai?,Airline ke baggage claim counter pe report kar dein.,Departure,
340,Check_in_info,Roman Urdu,Trolley kahan milti hai?,Entrance ke paas trolleys available hoti hain.,Departure,
341,Check_in_info,Roman Urdu,Kya check-in se pehle khana khaya ja sakta hai?,"Haan, food court entrance ke paas hai.",Departure,
342,Check_in_info,Roman Urdu,Kya Islamabad Airport pe business lounge hai?,"Haan, Hall A ke paas lounge available hai.",Departure,
343,Check_in_info,Roman Urdu,Agar system band ho jaye to check-in kaise hoga?,Staff manual process se help karega.,Departure,
344,Check_in_info,Roman Urdu,Kya main apne dost ke sath ja sakta hoon?,Sirf passengers ko hi andar jane ki ijazat hai.,Departure,
345,Check_in_info,Roman Urdu,Medicine bag mein rakh sakta hoon?,"Haan, lekin hand bag mein rakhna behtar hai.",Departure,
346,Check_in_info,Roman Urdu,Check-in ke baad gate kahan hota hai?,Gate number boarding pass pe likha hota hai.,Departure,
347,Check_in_info,Roman Urdu,Islamabad se Dubai flight ke liye kaunsa hall hai?,Hall A se Dubai flights depart karti hain.,Departure,
348,Check_in_info,Roman Urdu,Kya wrapping zaroori hai?,"Nahi, lekin protection ke liye useful hai.",Departure,
349,Check_in_info,Roman Urdu,Kya check-in ke baad phir se entry mil sakti hai?,"Nahi, ek dafa bahar nikalne ke baad dobara entry nahi hoti.",Departure,
350,Check_in_info,Roman Urdu,Kya power bank bag mein rakh sakta hoon?,"Nahi, sirf hand carry mein rakhein.",Departure,
351,Check_in_info,Roman Urdu,Kya boarding ke baad khana milta hai?,"Haan, airlines in-flight meal deti hain agar ticket mein shamil ho.",Departure,
352,Check_in_info,Roman Urdu,Kya main flight ka time yahan check kar sakta hoon?,"Haan, flight information screens pe departure time likha hota hai.",Departure,
353,Check_in_info,Roman Urdu,Check-in ke dauran mobile use kar sakta hoon?,"Haan, lekin security aur scanning ke waqt use na karein.",Departure,
354,Check_in_info,Roman Urdu,Kya check-in se pehle security check hota hai?,"Nahi, pehle check-in hota hai phir security screening.",Departure,
355,Check_in_info,Roman Urdu,Kya visa copy pe travel kar sakta hoon?,"Nahi, asli passport zaroori hota hai.",Departure,
356,Check_in_info,Roman Urdu,Agar check-in miss ho jaye to kya karun?,"Turant apni airline ke counter pe jao, staff help karega.",Departure,
357,Check_in_info,Roman Urdu,Kya koi baggage help service hai?,"Haan, porter service available hai, choti si fee deni hoti hai.",Departure,
358,Check_in_info,Roman Urdu,Bachay ke liye check-in pe kya chahiye hota hai?,Birth certificate ya passport dikhana hota hai.,Departure,
359,Check_in_info,Roman Urdu,Pet le kar travel kar sakta hoon?,"Haan, airline ke rules ke mutabiq cage aur ticket required hota hai.",Departure,
360,Check_in_info,Roman Urdu,Laptop hand carry mein le ja sakta hoon?,"Haan, laptop hand carry mein allowed hota hai.",Departure,
361,Check_in_info,Roman Urdu,"Mera bag khul gaya hai, kya complaint kar sakta hoon?","Haan, baggage claim pe report kar dein.",Departure,
362,Check_in_info,Roman Urdu,Kya Islamabad Airport pe free WiFi hai?,"Haan, “IIAP Free WiFi” naam se available hai.",Departure,
363,Check_in_info,Roman Urdu,Kya main kisi aur flight ka check-in karwa sakta hoon?,"Nahi, sirf apni flight ka hi check-in hota hai.",Departure,
364,Check_in_info,Roman Urdu,Business class ke liye alag counter hai kya?,"Haan, business class passengers ke liye dedicated counter hota hai.",Departure,
365,Check_in_info,Roman Urdu,"Main ghar se check-in kar chuka hoon, ab kya karun?",Sirf baggage drop counter pe bag jama kar dein.,Departure,
366,Check_in_info,Roman Urdu,Kya staff English bolta hai?,"Haan, Urdu aur English dono bolte hain.",Departure,
367,Check_in_info,Roman Urdu,Main apne dost ke sath line mein khara ho sakta hoon?,Sirf agar dono ek hi flight ke passenger hoon.,Departure,
368,Check_in_info,Roman Urdu,Agar gate change ho jaye to kaise pata chalega?,Flight screen aur announcement se maloom ho jata hai.,Departure,
369,Check_in_info,Roman Urdu,Kya main dollars sath le ja sakta hoon?,"Haan, State Bank limit ke andar allowed hai.",Departure,
370,Check_in_info,Roman Urdu,Kya currency exchange available hai?,"Haan, hall ke andar exchange counters lage hue hain.",Departure,
371,Check_in_info,Roman Urdu,Kya food bag mein rakh sakta hoon?,"Haan, agar restricted items na hon to allowed hai.",Departure,
372,Check_in_info,Roman Urdu,Kya do airlines ki flight ek din mein le sakta hoon?,"Haan, lekin har flight ka alag check-in hoga.",Departure,
373,Check_in_info,Roman Urdu,Power bank kaha rakhna chahiye?,"Sirf hand carry mein rakhein, checked bag mein nahi.",Departure,
374,Check_in_info,Roman Urdu,Kya stroller ya wheelchair check-in pe milti hai?,"Haan, staff request pe provide karta hai.",Departure,
375,Check_in_info,Roman Urdu,Kya kisi aur ka boarding pass le sakta hoon?,"Nahi, har passenger ko apna pass khud lena hota hai.",Departure,
376,Check_in_info,Roman Urdu,Tax refund counter kahan hai?,Islamabad Airport pe tax refund facility nahi hai.,Departure,
377,Check_in_info,Roman Urdu,Kya bag lock karna allowed hai?,"Haan, apni safety ke liye kar sakte ho.",Departure,
378,Check_in_info,Roman Urdu,Agar baggage tag gum jaye to kya hoga?,Airline staff flight info se bag trace kar leta hai.,Departure,
379,Check_in_info,Roman Urdu,Agar bag delay ho to koi compensation milta hai?,Airline ki policy ke mutabiq mil sakta hai.,Departure,
380,Check_in_info,Roman Urdu,Check-in ke baad shopping kar sakta hoon?,"Haan, duty free shops security ke baad available hain.",Departure,
381,Check_in_info,Roman Urdu,Kya trolley gate tak le ja sakta hoon?,"Nahi, trolley allowed area tak hi ja sakti hai.",Departure,
382,Check_in_info,Roman Urdu,Kya bag pe sticker lagana allowed hai?,"Haan, identification ke liye achha idea hai.",Departure,
383,Check_in_info,Roman Urdu,Security scanning ke dauran bag kholte hain kya?,"Haan, agar zarurat ho to staff check karta hai.",Departure,
384,Check_in_info,Roman Urdu,Perfume le ja sakta hoon?,"Haan, 100 ml tak allowed hai.",Departure,
385,Check_in_info,Roman Urdu,Boarding pass change kar sakta hoon?,"Nahi, ek dafa issue hone ke baad change nahi hota.",Departure,
386,Check_in_info,Roman Urdu,Parking available hai kya?,"Haan, departure hall ke samne parking area hai.",Departure,
387,Check_in_info,Roman Urdu,Kya bag receipt dobara mil sakti hai?,"Haan, airline ke customer desk se milti hai.",Departure,
388,Check_in_info,Roman Urdu,Kya bachon ke liye alag line hoti hai?,"Haan, family lane hoti hai.",Departure,
389,Check_in_info,Roman Urdu,Islamabad Airport pe lounge available hai kya?,"Haan, PIA lounge gate 5 ke paas hai.",Departure,
390,Check_in_info,Roman Urdu,Knife hand carry mein le ja sakta hoon?,"Nahi, ye allowed nahi hai.",Departure,
391,Check_in_info,Roman Urdu,Passport scan karwana hota hai kya?,"Haan, counter pe staff scan karta hai.",Departure,
392,Check_in_info,Roman Urdu,Bag jama karne ke baad washroom use kar sakta hoon?,"Haan, washrooms hall ke andar available hain.",Departure,
393,Check_in_info,Roman Urdu,Drinking water available hai kya?,"Haan, har hall mein paani ke dispenser lage hue hain.",Departure,
394,Check_in_info,Roman Urdu,Extra bag le ja sakta hoon?,Airline charges de kar possible hai.,Departure,
395,Check_in_info,Roman Urdu,Gate pe seat change karwa sakta hoon?,"Nahi, sirf check-in pe hoti hai.",Departure,
396,Check_in_info,Roman Urdu,Porter service available hai kya?,"Haan, entrance ke paas milti hai.",Departure,
397,Check_in_info,Roman Urdu,Kya photos le sakte hain?,"Haan, lekin security zone mein mana hai.",Departure,
398,Check_in_info,Roman Urdu,Help desk kahan hai?,Departure hall ke beech mein information counter hai.,Departure,
399,Check_in_info,Roman Urdu,Check-in ke dauran details badal sakta hoon?,"Nahi, airline office se hi change hoti hain.",Departure,
400,Check_in_info,Roman Urdu,Bag ka weight kam kar sakta hoon?,"Haan, extra cheezein nikal ke.",Departure,
401,Check_in_info,Roman Urdu,ATM kahan milta hai?,Hall ke entrance ke paas ATM machine lagi hai.,Departure,
402,Check_in_info,Roman Urdu,Flight ka time delay hua to kya counter khula rahega?,"Haan, agar flight delay ho to airline staff counter pe rehta hai taake passengers ko update de sake.",Departure,
403,Check_in_info,Roman Urdu,Agar meri flight cancel ho jaye to kya karun?,"Apni airline ke counter pe report karein, wo aapko next available flight pe adjust karte hain.",Departure,
404,Check_in_info,Roman Urdu,Kya overweight bag ke liye extra payment on spot hoti hai?,"Haan, Extra Baggage desk pe turant payment kar sakte hain, card aur cash dono chalte hain.",Departure,
405,Check_in_info,Roman Urdu,Kya main apna hand bag bhi weigh karwana hota hai?,"Usually nahi, lekin kuch airlines randomly check karti hain.",Departure,
406,Check_in_info,Roman Urdu,Kya Islamabad Airport pe baggage trolley free hoti hai?,"Haan, entrance aur departure hall mein free trolleys available hoti hain.",Departure,
407,Check_in_info,Roman Urdu,Kya check-in pe CNIC chal jata hai passport ki jagah?,"Haan, sirf domestic flights ke liye CNIC chalta hai.",Departure,
408,Check_in_info,Roman Urdu,Kya online check-in ke baad gate change ho sakta hai?,"Haan, gate kabhi kabhi change hota hai, flight screens pe update mil jata hai.",Departure,
409,Check_in_info,Roman Urdu,Kya boarding time aur flight time alag hotay hain?,"Haan, boarding usually flight time se 30-40 minutes pehle start hoti hai.",Departure,
410,Check_in_info,Roman Urdu,Kya koi jagah hai jahan main betth kar wait kar sakta hoon?,"Haan, departure hall mein comfortable seating aur cafes available hain.",Departure,
411,Check_in_info,Roman Urdu,Kya airport pe prayer room hai?,"Haan, har terminal ke paas namaz ke liye separate area bana hua hai.",Departure,
412,Check_in_info,Roman Urdu,Kya hand carry mein laptop aur charger allowed hain?,"Haan, allowed hain, lekin scanning ke dauran alag tray mein rakhna hota hai.",Departure,
413,Check_in_info,Roman Urdu,Kya check-in staff documents verify karta hai?,"Haan, staff ticket aur ID dono verify karta hai pehle.",Departure,
414,Check_in_info,Roman Urdu,Agar meri flight international hai to kitne bajay pohchun?,Kam az kam 3 ghante pehle airport pohchna best hota hai.,Departure,
415,Check_in_info,Roman Urdu,Kya check-in ke dauran staff luggage tag lagata hai?,"Haan, har bag pe tag lagaya jata hai jisme flight aur name details hoti hain.",Departure,
416,Check_in_info,Roman Urdu,Agar main pehli dafa travel kar raha hoon to kaun help karega?,"Information desk aur airline staff har step pe madad karte hain, bas ticket aur ID sath rakhein.",Departure,
417,Check_in_info,Roman Urdu,Kya check-in ke liye hard copy ticket zaroori hai?,"Nahi, digital ticket mobile pe dikhai ja sakti hai.",Departure,
418,Check_in_info,Roman Urdu,Agar system down ho jaye to kya hoga?,"Staff manual process se boarding pass issue karta hai, aapko bas thoda wait karna hota hai.",Departure,
419,Check_in_info,Roman Urdu,Kya fragile items alag check-in hote hain?,"Haan, unke liye special “Fragile” tag lagaya jata hai taake handle carefully ho.",Departure,
420,Check_in_info,Roman Urdu,Kya koi separate counter hai late passengers ke liye?,"Nahi, lekin agar staff ko inform karein to wo aapko priority de sakte hain.",Departure,
421,Check_in_info,Roman Urdu,Kya luggage wrapping charge hota hai?,"Haan, wrapping service paid hoti hai, Rs. 300-500 tak lagta hai.",Departure,
422,Check_in_info,Roman Urdu,Kya Islamabad Airport pe volunteer staff hota hai?,"Haan, assistance desk pe helpers maujood hote hain jo guidance dete hain.",Departure,
423,Check_in_info,Roman Urdu,Kya boarding ke baad main shop se kuch khareed sakta hoon?,"Haan, duty free aur cafes gate ke paas available hain.",Departure,
424,Check_in_info,Roman Urdu,Kya check-in ke time pe luggage open karte hain?,"Nahi, sirf suspicious item hone pe security staff kholta hai.",Departure,
425,Check_in_info,Roman Urdu,Kya main ID ki photocopy se travel kar sakta hoon?,"Nahi, original CNIC ya passport hi valid hota hai.",Departure,
426,Check_in_info,Roman Urdu,Kya power outlets near counters available hain?,"Haan, har row ke side pe charging sockets lagi hoti hain.",Departure,
427,Check_in_info,Roman Urdu,Kya food items hand carry mein allowed hain?,"Haan, solid food jaise biscuits allowed hain, liquid items restricted hain.",Departure,
428,Check_in_info,Roman Urdu,Kya main security se pehle coffee le sakta hoon?,"Bilkul, coffee shops entrance ke paas hain.",Departure,
429,Check_in_info,Roman Urdu,Kya hand sanitizer le ja sakta hoon?,"Haan, 100 ml tak allowed hai.",Departure,
430,Check_in_info,Roman Urdu,Kya overweight luggage home deliver hota hai?,"Nahi, passenger ko khud collect karna hota hai ya fee de kar adjust karna hota hai.",Departure,
431,Check_in_info,Roman Urdu,Agar boarding gate door mil jaye to kya karun?,"Airport staff se poochein, wo direction aur guidance de dete hain.",Departure,
432,Check_in_info,Roman Urdu,Kya Islamabad Airport pe elevators hain?,"Haan, sab terminals pe lifts aur escalators lage hue hain.",Departure,
433,Check_in_info,Roman Urdu,Kya staff baggage handle karta hai ya passenger khud?,"Passenger khud counter tak le kar jata hai, phir staff load karta hai.",Departure,
434,Check_in_info,Roman Urdu,Kya pets ke liye alag area hai?,"Haan, cargo ke paas pets handling area hota hai.",Departure,
435,Check_in_info,Roman Urdu,Kya boarding ke baad WiFi milta hai?,"Haan, gate ke area mein free WiFi available hota hai.",Departure,
436,Check_in_info,Roman Urdu,Kya ID aur ticket alag-alag dikhani hoti hain?,"Haan, dono documents verify kiye jaate hain.",Departure,
437,Check_in_info,Roman Urdu,Kya koi separate counter hai female passengers ke liye?,"Kuch airlines ladies counter rakhti hain, staff se confirm karein.",Departure,
438,Check_in_info,Roman Urdu,Kya luggage belt departure pe bhi hoti hai?,"Nahi, luggage belt sirf arrival area mein hoti hai.",Departure,
439,Check_in_info,Roman Urdu,Kya main boarding ke baad phone use kar sakta hoon?,"Haan, jab tak flight boarding start na kare.",Departure,
440,Check_in_info,Roman Urdu,Kya check-in counters subha jaldi khul jaate hain?,"Haan, first flights ke liye subha 4 bajay tak open hote hain.",Departure,
441,Check_in_info,Roman Urdu,Kya koi baggage size limit hoti hai?,"Haan, 158 cm se zyada size allowed nahi hota.",Departure,
442,Check_in_info,Roman Urdu,Kya late night flights ke liye staff available hota hai?,"Haan, international flights ke liye 24 ghante staff maujood hota hai.",Departure,
443,Check_in_info,Roman Urdu,Kya check-in ke dauran selfie le sakta hoon?,"Haan, lekin staff aur system ke paas photo lena avoid karein.",Departure,
444,Check_in_info,Roman Urdu,Kya check-in ke time boarding gate assign hota hai?,"Haan, gate number aapke boarding pass pe likha hota hai.",Departure,
445,Check_in_info,Roman Urdu,Kya check-in ke waqt vaccination certificate zaroori hai?,"Kuch countries ke liye required hota hai, better hai sath rakhein.",Departure,
,,,,,,
446,Check_in_info,Roman Urdu,Kya fragile items ke liye extra charge hota hai?,"Nahi, lekin handling careful hoti hai aur fragile tag lagta hai.",Departure,
447,Check_in_info,Roman Urdu,Kya Islamabad Airport pe baggage scale free hai?,"Haan, weight check karne ke liye machines free hain.",Departure,
448,Check_in_info,Roman Urdu,Kya boarding gate tak wheelchairs jati hain?,"Haan, staff help karta hai wheelchair ko gate tak le jane mein.",Departure,
449,Check_in_info,Roman Urdu,Kya duty free shop departure pe hai?,"Haan, immigration ke baad duty free outlets milte hain.",Departure,
450,Check_in_info,Roman Urdu,Kya koi area hai jahan se flights dekh sakte hain?,"Haan, departure lounge ke glass area se flights visible hoti hain.",Departure,
