id,category,user_query,intent,airport,response,language
1,immigration,بین الاقوامی آمد پر عمومًا امیگریشن میں کتنا وقت لگتا ہے؟,arrival_guidance,اسلام آباد انٹرنیشنل ائیرپورٹ (ISB),آمد کے بعد براہِ کرم امیگریشن کاؤنٹرز کی طرف موجود واضح نشانات کی پیروی کریں۔ اپنا پاسپورٹ، مکمل شدہ آمد کارڈ اور متعلقہ دستاویزات تیار رکھیں تاکہ افسران چیک کر سکیں۔ چیکنگ میں وقت لگ سکتا ہے؛ ڈسپلے اسکرینز پر اپنے کاؤنٹر کا نمبر دیکھیں۔,Urdu
2,immigration,بین الاقوامی آمد پر عمومًا امیگریشن میں کتنا وقت لگتا ہے؟,arrival_guidance,اسلام آباد انٹرنیشنل ائیرپورٹ (ISB),آمد کے بعد براہِ کرم امیگریشن کاؤنٹرز کی طرف موجود واضح نشانات کی پیروی کریں۔ اپنا پاسپورٹ، مکمل شدہ آمد کارڈ اور متعلقہ دستاویزات تیار رکھیں تاکہ افسران چیک کر سکیں۔ چیکنگ میں وقت لگ سکتا ہے؛ ڈسپلے اسکرینز پر اپنے کاؤنٹر کا نمبر دیکھیں۔,Urdu
3,immigration,بین الاقوامی آمد پر عمومًا امیگریشن میں کتنا وقت لگتا ہے؟,arrival_guidance,اسلام آباد انٹرنیشنل ائیرپورٹ (ISB),آمد کے بعد براہِ کرم امیگریشن کاؤنٹرز کی طرف موجود واضح نشانات کی پیروی کریں۔ اپنا پاسپورٹ، مکمل شدہ آمد کارڈ اور متعلقہ دستاویزات تیار رکھیں تاکہ افسران چیک کر سکیں۔ چیکنگ میں وقت لگ سکتا ہے؛ ڈسپلے اسکرینز پر اپنے کاؤنٹر کا نمبر دیکھیں۔,Urdu
4,immigration,امیگریشن کے لیے کون سی دستاویزات تیار رکھنی چاہئیں؟,arrival_guidance,اسلام آباد انٹرنیشنل ائیرپورٹ (ISB),آمد کے بعد براہِ کرم امیگریشن کاؤنٹرز کی طرف موجود واضح نشانات کی پیروی کریں۔ اپنا پاسپورٹ، مکمل شدہ آمد کارڈ اور متعلقہ دستاویزات تیار رکھیں تاکہ افسران چیک کر سکیں۔ چیکنگ میں وقت لگ سکتا ہے؛ ڈسپلے اسکرینز پر اپنے کاؤنٹر کا نمبر دیکھیں۔,Urdu
5,immigration,آمد کے بعد امیگریشن کہاں ہوتی ہے؟,arrival_guidance,اسلام آباد انٹرنیشنل ائیرپورٹ (ISB),آمد کے بعد براہِ کرم امیگریشن کاؤنٹرز کی طرف موجود واضح نشانات کی پیروی کریں۔ اپنا پاسپورٹ، مکمل شدہ آمد کارڈ اور متعلقہ دستاویزات تیار رکھیں تاکہ افسران چیک کر سکیں۔ چیکنگ میں وقت لگ سکتا ہے؛ ڈسپلے اسکرینز پر اپنے کاؤنٹر کا نمبر دیکھیں۔,Urdu
6,immigration,امیگریشن کے لیے کون سی دستاویزات تیار رکھنی چاہئیں؟,arrival_guidance,اسلام آباد انٹرنیشنل ائیرپورٹ (ISB),آمد کے بعد براہِ کرم امیگریشن کاؤنٹرز کی طرف موجود واضح نشانات کی پیروی کریں۔ اپنا پاسپورٹ، مکمل شدہ آمد کارڈ اور متعلقہ دستاویزات تیار رکھیں تاکہ افسران چیک کر سکیں۔ چیکنگ میں وقت لگ سکتا ہے؛ ڈسپلے اسکرینز پر اپنے کاؤنٹر کا نمبر دیکھیں۔,Urdu
7,immigration,امیگریشن کے لیے کون سی دستاویزات تیار رکھنی چاہئیں؟,arrival_guidance,اسلام آباد انٹرنیشنل ائیرپورٹ (ISB),آمد کے بعد براہِ کرم امیگریشن کاؤنٹرز کی طرف موجود واضح نشانات کی پیروی کریں۔ اپنا پاسپورٹ، مکمل شدہ آمد کارڈ اور متعلقہ دستاویزات تیار رکھیں تاکہ افسران چیک کر سکیں۔ چیکنگ میں وقت لگ سکتا ہے؛ ڈسپلے اسکرینز پر اپنے کاؤنٹر کا نمبر دیکھیں۔,Urdu
8,immigration,بین الاقوامی آمد پر عمومًا امیگریشن میں کتنا وقت لگتا ہے؟,arrival_guidance,اسلام آباد انٹرنیشنل ائیرپورٹ (ISB),آمد کے بعد براہِ کرم امیگریشن کاؤنٹرز کی طرف موجود واضح نشانات کی پیروی کریں۔ اپنا پاسپورٹ، مکمل شدہ آمد کارڈ اور متعلقہ دستاویزات تیار رکھیں تاکہ افسران چیک کر سکیں۔ چیکنگ میں وقت لگ سکتا ہے؛ ڈسپلے اسکرینز پر اپنے کاؤنٹر کا نمبر دیکھیں۔,Urdu
9,immigration,بین الاقوامی آمد پر عمومًا امیگریشن میں کتنا وقت لگتا ہے؟,arrival_guidance,اسلام آباد انٹرنیشنل ائیرپورٹ (ISB),آمد کے بعد براہِ کرم امیگریشن کاؤنٹرز کی طرف موجود واضح نشانات کی پیروی کریں۔ اپنا پاسپورٹ، مکمل شدہ آمد کارڈ اور متعلقہ دستاویزات تیار رکھیں تاکہ افسران چیک کر سکیں۔ چیکنگ میں وقت لگ سکتا ہے؛ ڈسپلے اسکرینز پر اپنے کاؤنٹر کا نمبر دیکھیں۔,Urdu
10,immigration,آمد کے بعد امیگریشن کہاں ہوتی ہے؟,arrival_guidance,اسلام آباد انٹرنیشنل ائیرپورٹ (ISB),آمد کے بعد براہِ کرم امیگریشن کاؤنٹرز کی طرف موجود واضح نشانات کی پیروی کریں۔ اپنا پاسپورٹ، مکمل شدہ آمد کارڈ اور متعلقہ دستاویزات تیار رکھیں تاکہ افسران چیک کر سکیں۔ چیکنگ میں وقت لگ سکتا ہے؛ ڈسپلے اسکرینز پر اپنے کاؤنٹر کا نمبر دیکھیں۔,Urdu
11,immigration,بین الاقوامی آمد پر عمومًا امیگریشن میں کتنا وقت لگتا ہے؟,arrival_guidance,اسلام آباد انٹرنیشنل ائیرپورٹ (ISB),آمد کے بعد براہِ کرم امیگریشن کاؤنٹرز کی طرف موجود واضح نشانات کی پیروی کریں۔ اپنا پاسپورٹ، مکمل شدہ آمد کارڈ اور متعلقہ دستاویزات تیار رکھیں تاکہ افسران چیک کر سکیں۔ چیکنگ میں وقت لگ سکتا ہے؛ ڈسپلے اسکرینز پر اپنے کاؤنٹر کا نمبر دیکھیں۔,Urdu
12,immigration,امیگریشن کے لیے کون سی دستاویزات تیار رکھنی چاہئیں؟,arrival_guidance,اسلام آباد انٹرنیشنل ائیرپورٹ (ISB),آمد کے بعد براہِ کرم امیگریشن کاؤنٹرز کی طرف موجود واضح نشانات کی پیروی کریں۔ اپنا پاسپورٹ، مکمل شدہ آمد کارڈ اور متعلقہ دستاویزات تیار رکھیں تاکہ افسران چیک کر سکیں۔ چیکنگ میں وقت لگ سکتا ہے؛ ڈسپلے اسکرینز پر اپنے کاؤنٹر کا نمبر دیکھیں۔,Urdu
13,immigration,آمد کے بعد امیگریشن کہاں ہوتی ہے؟,arrival_guidance,اسلام آباد انٹرنیشنل ائیرپورٹ (ISB),آمد کے بعد براہِ کرم امیگریشن کاؤنٹرز کی طرف موجود واضح نشانات کی پیروی کریں۔ اپنا پاسپورٹ، مکمل شدہ آمد کارڈ اور متعلقہ دستاویزات تیار رکھیں تاکہ افسران چیک کر سکیں۔ چیکنگ میں وقت لگ سکتا ہے؛ ڈسپلے اسکرینز پر اپنے کاؤنٹر کا نمبر دیکھیں۔,Urdu
14,immigration,بین الاقوامی آمد پر عمومًا امیگریشن میں کتنا وقت لگتا ہے؟,arrival_guidance,اسلام آباد انٹرنیشنل ائیرپورٹ (ISB),آمد کے بعد براہِ کرم امیگریشن کاؤنٹرز کی طرف موجود واضح نشانات کی پیروی کریں۔ اپنا پاسپورٹ، مکمل شدہ آمد کارڈ اور متعلقہ دستاویزات تیار رکھیں تاکہ افسران چیک کر سکیں۔ چیکنگ میں وقت لگ سکتا ہے؛ ڈسپلے اسکرینز پر اپنے کاؤنٹر کا نمبر دیکھیں۔,Urdu
15,immigration,امیگریشن کے لیے کون سی دستاویزات تیار رکھنی چاہئیں؟,arrival_guidance,اسلام آباد انٹرنیشنل ائیرپورٹ (ISB),آمد کے بعد براہِ کرم امیگریشن کاؤنٹرز کی طرف موجود واضح نشانات کی پیروی کریں۔ اپنا پاسپورٹ، مکمل شدہ آمد کارڈ اور متعلقہ دستاویزات تیار رکھیں تاکہ افسران چیک کر سکیں۔ چیکنگ میں وقت لگ سکتا ہے؛ ڈسپلے اسکرینز پر اپنے کاؤنٹر کا نمبر دیکھیں۔,Urdu
16,immigration,امیگریشن کے لیے کون سی دستاویزات تیار رکھنی چاہئیں؟,arrival_guidance,اسلام آباد انٹرنیشنل ائیرپورٹ (ISB),آمد کے بعد براہِ کرم امیگریشن کاؤنٹرز کی طرف موجود واضح نشانات کی پیروی کریں۔ اپنا پاسپورٹ، مکمل شدہ آمد کارڈ اور متعلقہ دستاویزات تیار رکھیں تاکہ افسران چیک کر سکیں۔ چیکنگ میں وقت لگ سکتا ہے؛ ڈسپلے اسکرینز پر اپنے کاؤنٹر کا نمبر دیکھیں۔,Urdu
17,immigration,آمد کے بعد امیگریشن کہاں ہوتی ہے؟,arrival_guidance,اسلام آباد انٹرنیشنل ائیرپورٹ (ISB),آمد کے بعد براہِ کرم امیگریشن کاؤنٹرز کی طرف موجود واضح نشانات کی پیروی کریں۔ اپنا پاسپورٹ، مکمل شدہ آمد کارڈ اور متعلقہ دستاویزات تیار رکھیں تاکہ افسران چیک کر سکیں۔ چیکنگ میں وقت لگ سکتا ہے؛ ڈسپلے اسکرینز پر اپنے کاؤنٹر کا نمبر دیکھیں۔,Urdu
18,immigration,بین الاقوامی آمد پر عمومًا امیگریشن میں کتنا وقت لگتا ہے؟,arrival_guidance,اسلام آباد انٹرنیشنل ائیرپورٹ (ISB),آمد کے بعد براہِ کرم امیگریشن کاؤنٹرز کی طرف موجود واضح نشانات کی پیروی کریں۔ اپنا پاسپورٹ، مکمل شدہ آمد کارڈ اور متعلقہ دستاویزات تیار رکھیں تاکہ افسران چیک کر سکیں۔ چیکنگ میں وقت لگ سکتا ہے؛ ڈسپلے اسکرینز پر اپنے کاؤنٹر کا نمبر دیکھیں۔,Urdu
19,immigration,امیگریشن کے لیے کون سی دستاویزات تیار رکھنی چاہئیں؟,arrival_guidance,اسلام آباد انٹرنیشنل ائیرپورٹ (ISB),آمد کے بعد براہِ کرم امیگریشن کاؤنٹرز کی طرف موجود واضح نشانات کی پیروی کریں۔ اپنا پاسپورٹ، مکمل شدہ آمد کارڈ اور متعلقہ دستاویزات تیار رکھیں تاکہ افسران چیک کر سکیں۔ چیکنگ میں وقت لگ سکتا ہے؛ ڈسپلے اسکرینز پر اپنے کاؤنٹر کا نمبر دیکھیں۔,Urdu
20,baggage,اپنا سامان لینا کہاں ہے؟,arrival_guidance,اسلام آباد انٹرنیشنل ائیرپورٹ (ISB),امیگریشن کے بعد بیگج کلیم ہال پر جائیں جہاں کاروسیل نمبر دکھائے جاتے ہیں۔ براہِ کرم ڈسپلے اسکرینز سے کاروسیل نمبر چیک کریں۔ اگر سامان گم یا تاخیر شدہ ہو تو کاروسیل 5 کے پاس بیگج سروس ڈیسک سے رابطہ کریں۔,Urdu
21,baggage,اپنا سامان لینا کہاں ہے؟,arrival_guidance,اسلام آباد انٹرنیشنل ائیرپورٹ (ISB),امیگریشن کے بعد بیگج کلیم ہال پر جائیں جہاں کاروسیل نمبر دکھائے جاتے ہیں۔ براہِ کرم ڈسپلے اسکرینز سے کاروسیل نمبر چیک کریں۔ اگر سامان گم یا تاخیر شدہ ہو تو کاروسیل 5 کے پاس بیگج سروس ڈیسک سے رابطہ کریں۔,Urdu
22,baggage,اپنا سامان لینا کہاں ہے؟,arrival_guidance,اسلام آباد انٹرنیشنل ائیرپورٹ (ISB),امیگریشن کے بعد بیگج کلیم ہال پر جائیں جہاں کاروسیل نمبر دکھائے جاتے ہیں۔ براہِ کرم ڈسپلے اسکرینز سے کاروسیل نمبر چیک کریں۔ اگر سامان گم یا تاخیر شدہ ہو تو کاروسیل 5 کے پاس بیگج سروس ڈیسک سے رابطہ کریں۔,Urdu
23,baggage,فلائٹ HM105 کے لیے کون سا کاروسیل ہے؟,arrival_guidance,اسلام آباد انٹرنیشنل ائیرپورٹ (ISB),امیگریشن کے بعد بیگج کلیم ہال پر جائیں جہاں کاروسیل نمبر دکھائے جاتے ہیں۔ فلائٹ HM105 کے لیے تفویض کردہ کاروسیل نمبر آمد ڈسپلے پر دکھایا جائے گا۔ اگر سامان گم یا تاخیر شدہ ہو تو کاروسیل 5 کے پاس بیگج سروس ڈیسک سے رابطہ کریں۔,Urdu
24,baggage,اپنا سامان لینا کہاں ہے؟,arrival_guidance,اسلام آباد انٹرنیشنل ائیرپورٹ (ISB),امیگریشن کے بعد بیگج کلیم ہال پر جائیں جہاں کاروسیل نمبر دکھائے جاتے ہیں۔ براہِ کرم ڈسپلے اسکرینز سے کاروسیل نمبر چیک کریں۔ اگر سامان گم یا تاخیر شدہ ہو تو کاروسیل 5 کے پاس بیگج سروس ڈیسک سے رابطہ کریں۔,Urdu
25,baggage,اگر میرا سامان غائب ہو جائے تو کیا کرنا چاہئے؟,arrival_guidance,اسلام آباد انٹرنیشنل ائیرپورٹ (ISB),امیگریشن کے بعد بیگج کلیم ہال پر جائیں جہاں کاروسیل نمبر دکھائے جاتے ہیں۔ براہِ کرم ڈسپلے اسکرینز سے کاروسیل نمبر چیک کریں۔ اگر سامان گم یا تاخیر شدہ ہو تو کاروسیل 5 کے پاس بیگج سروس ڈیسک سے رابطہ کریں۔,Urdu
26,baggage,اگر میرا سامان غائب ہو جائے تو کیا کرنا چاہئے؟,arrival_guidance,اسلام آباد انٹرنیشنل ائیرپورٹ (ISB),امیگریشن کے بعد بیگج کلیم ہال پر جائیں جہاں کاروسیل نمبر دکھائے جاتے ہیں۔ براہِ کرم ڈسپلے اسکرینز سے کاروسیل نمبر چیک کریں۔ اگر سامان گم یا تاخیر شدہ ہو تو کاروسیل 5 کے پاس بیگج سروس ڈیسک سے رابطہ کریں۔,Urdu
27,baggage,اپنا سامان لینا کہاں ہے؟,arrival_guidance,اسلام آباد انٹرنیشنل ائیرپورٹ (ISB),امیگریشن کے بعد بیگج کلیم ہال پر جائیں جہاں کاروسیل نمبر دکھائے جاتے ہیں۔ براہِ کرم ڈسپلے اسکرینز سے کاروسیل نمبر چیک کریں۔ اگر سامان گم یا تاخیر شدہ ہو تو کاروسیل 5 کے پاس بیگج سروس ڈیسک سے رابطہ کریں۔,Urdu
28,baggage,فلائٹ SV231 کے لیے کون سا کاروسیل ہے؟,arrival_guidance,اسلام آباد انٹرنیشنل ائیرپورٹ (ISB),امیگریشن کے بعد بیگج کلیم ہال پر جائیں جہاں کاروسیل نمبر دکھائے جاتے ہیں۔ فلائٹ SV231 کے لیے تفویض کردہ کاروسیل نمبر آمد ڈسپلے پر دکھایا جائے گا۔ اگر سامان گم یا تاخیر شدہ ہو تو کاروسیل 5 کے پاس بیگج سروس ڈیسک سے رابطہ کریں۔,Urdu
29,baggage,اگر میرا سامان غائب ہو جائے تو کیا کرنا چاہئے؟,arrival_guidance,اسلام آباد انٹرنیشنل ائیرپورٹ (ISB),امیگریشن کے بعد بیگج کلیم ہال پر جائیں جہاں کاروسیل نمبر دکھائے جاتے ہیں۔ براہِ کرم ڈسپلے اسکرینز سے کاروسیل نمبر چیک کریں۔ اگر سامان گم یا تاخیر شدہ ہو تو کاروسیل 5 کے پاس بیگج سروس ڈیسک سے رابطہ کریں۔,Urdu
30,baggage,فلائٹ HM392 کے لیے کون سا کاروسیل ہے؟,arrival_guidance,اسلام آباد انٹرنیشنل ائیرپورٹ (ISB),امیگریشن کے بعد بیگج کلیم ہال پر جائیں جہاں کاروسیل نمبر دکھائے جاتے ہیں۔ فلائٹ HM392 کے لیے تفویض کردہ کاروسیل نمبر آمد ڈسپلے پر دکھایا جائے گا۔ اگر سامان گم یا تاخیر شدہ ہو تو کاروسیل 5 کے پاس بیگج سروس ڈیسک سے رابطہ کریں۔,Urdu
31,baggage,اپنا سامان لینا کہاں ہے؟,arrival_guidance,اسلام آباد انٹرنیشنل ائیرپورٹ (ISB),امیگریشن کے بعد بیگج کلیم ہال پر جائیں جہاں کاروسیل نمبر دکھائے جاتے ہیں۔ براہِ کرم ڈسپلے اسکرینز سے کاروسیل نمبر چیک کریں۔ اگر سامان گم یا تاخیر شدہ ہو تو کاروسیل 5 کے پاس بیگج سروس ڈیسک سے رابطہ کریں۔,Urdu
32,baggage,فلائٹ EY798 کے لیے کون سا کاروسیل ہے؟,arrival_guidance,اسلام آباد انٹرنیشنل ائیرپورٹ (ISB),امیگریشن کے بعد بیگج کلیم ہال پر جائیں جہاں کاروسیل نمبر دکھائے جاتے ہیں۔ فلائٹ EY798 کے لیے تفویض کردہ کاروسیل نمبر آمد ڈسپلے پر دکھایا جائے گا۔ اگر سامان گم یا تاخیر شدہ ہو تو کاروسیل 5 کے پاس بیگج سروس ڈیسک سے رابطہ کریں۔,Urdu
33,baggage,فلائٹ GF684 کے لیے کون سا کاروسیل ہے؟,arrival_guidance,اسلام آباد انٹرنیشنل ائیرپورٹ (ISB),امیگریشن کے بعد بیگج کلیم ہال پر جائیں جہاں کاروسیل نمبر دکھائے جاتے ہیں۔ فلائٹ GF684 کے لیے تفویض کردہ کاروسیل نمبر آمد ڈسپلے پر دکھایا جائے گا۔ اگر سامان گم یا تاخیر شدہ ہو تو کاروسیل 5 کے پاس بیگج سروس ڈیسک سے رابطہ کریں۔,Urdu
34,baggage,فلائٹ HM389 کے لیے کون سا کاروسیل ہے؟,arrival_guidance,اسلام آباد انٹرنیشنل ائیرپورٹ (ISB),امیگریشن کے بعد بیگج کلیم ہال پر جائیں جہاں کاروسیل نمبر دکھائے جاتے ہیں۔ فلائٹ HM389 کے لیے تفویض کردہ کاروسیل نمبر آمد ڈسپلے پر دکھایا جائے گا۔ اگر سامان گم یا تاخیر شدہ ہو تو کاروسیل 5 کے پاس بیگج سروس ڈیسک سے رابطہ کریں۔,Urdu
35,baggage,اپنا سامان لینا کہاں ہے؟,arrival_guidance,اسلام آباد انٹرنیشنل ائیرپورٹ (ISB),امیگریشن کے بعد بیگج کلیم ہال پر جائیں جہاں کاروسیل نمبر دکھائے جاتے ہیں۔ براہِ کرم ڈسپلے اسکرینز سے کاروسیل نمبر چیک کریں۔ اگر سامان گم یا تاخیر شدہ ہو تو کاروسیل 5 کے پاس بیگج سروس ڈیسک سے رابطہ کریں۔,Urdu
36,baggage,اگر میرا سامان غائب ہو جائے تو کیا کرنا چاہئے؟,arrival_guidance,اسلام آباد انٹرنیشنل ائیرپورٹ (ISB),امیگریشن کے بعد بیگج کلیم ہال پر جائیں جہاں کاروسیل نمبر دکھائے جاتے ہیں۔ براہِ کرم ڈسپلے اسکرینز سے کاروسیل نمبر چیک کریں۔ اگر سامان گم یا تاخیر شدہ ہو تو کاروسیل 5 کے پاس بیگج سروس ڈیسک سے رابطہ کریں۔,Urdu
37,baggage,فلائٹ GF764 کے لیے کون سا کاروسیل ہے؟,arrival_guidance,اسلام آباد انٹرنیشنل ائیرپورٹ (ISB),امیگریشن کے بعد بیگج کلیم ہال پر جائیں جہاں کاروسیل نمبر دکھائے جاتے ہیں۔ فلائٹ GF764 کے لیے تفویض کردہ کاروسیل نمبر آمد ڈسپلے پر دکھایا جائے گا۔ اگر سامان گم یا تاخیر شدہ ہو تو کاروسیل 5 کے پاس بیگج سروس ڈیسک سے رابطہ کریں۔,Urdu
38,baggage,فلائٹ PK820 کے لیے کون سا کاروسیل ہے؟,arrival_guidance,اسلام آباد انٹرنیشنل ائیرپورٹ (ISB),امیگریشن کے بعد بیگج کلیم ہال پر جائیں جہاں کاروسیل نمبر دکھائے جاتے ہیں۔ فلائٹ PK820 کے لیے تفویض کردہ کاروسیل نمبر آمد ڈسپلے پر دکھایا جائے گا۔ اگر سامان گم یا تاخیر شدہ ہو تو کاروسیل 5 کے پاس بیگج سروس ڈیسک سے رابطہ کریں۔,Urdu
39,customs,بیگج حاصل کرنے کے بعد کسٹمز کا طریقہ کار کیا ہے؟,arrival_guidance,اسلام آباد انٹرنیشنل ائیرپورٹ (ISB),سامان وصول کرنے کے بعد کسٹمز ایریا میں جائیں اور مناسب چینل کی پیروی کریں۔ اگر کوئی شئے ڈکلئیر کرنی ہے تو رسیدیں تیار رکھیں اور افسر کو دکھائیں۔ مزید سوالات کیلئے کسٹمز انفارمیشن کاؤنٹر سے رجوع کریں۔,Urdu
40,customs,کیا کچھ چیزیں کسٹمز میں ظاہر کرنا ضروری ہیں؟,arrival_guidance,اسلام آباد انٹرنیشنل ائیرپورٹ (ISB),سامان وصول کرنے کے بعد کسٹمز ایریا میں جائیں اور مناسب چینل کی پیروی کریں۔ اگر کوئی شئے ڈکلئیر کرنی ہے تو رسیدیں تیار رکھیں اور افسر کو دکھائیں۔ مزید سوالات کیلئے کسٹمز انفارمیشن کاؤنٹر سے رجوع کریں۔,Urdu
41,customs,کیا کچھ چیزیں کسٹمز میں ظاہر کرنا ضروری ہیں؟,arrival_guidance,اسلام آباد انٹرنیشنل ائیرپورٹ (ISB),سامان وصول کرنے کے بعد کسٹمز ایریا میں جائیں اور مناسب چینل کی پیروی کریں۔ اگر کوئی شئے ڈکلئیر کرنی ہے تو رسیدیں تیار رکھیں اور افسر کو دکھائیں۔ مزید سوالات کیلئے کسٹمز انفارمیشن کاؤنٹر سے رجوع کریں۔,Urdu
42,customs,کیا کچھ چیزیں کسٹمز میں ظاہر کرنا ضروری ہیں؟,arrival_guidance,اسلام آباد انٹرنیشنل ائیرپورٹ (ISB),سامان وصول کرنے کے بعد کسٹمز ایریا میں جائیں اور مناسب چینل کی پیروی کریں۔ اگر کوئی شئے ڈکلئیر کرنی ہے تو رسیدیں تیار رکھیں اور افسر کو دکھائیں۔ مزید سوالات کیلئے کسٹمز انفارمیشن کاؤنٹر سے رجوع کریں۔,Urdu
43,customs,کیا کچھ چیزیں کسٹمز میں ظاہر کرنا ضروری ہیں؟,arrival_guidance,اسلام آباد انٹرنیشنل ائیرپورٹ (ISB),سامان وصول کرنے کے بعد کسٹمز ایریا میں جائیں اور مناسب چینل کی پیروی کریں۔ اگر کوئی شئے ڈکلئیر کرنی ہے تو رسیدیں تیار رکھیں اور افسر کو دکھائیں۔ مزید سوالات کیلئے کسٹمز انفارمیشن کاؤنٹر سے رجوع کریں۔,Urdu
44,customs,کیا کچھ چیزیں کسٹمز میں ظاہر کرنا ضروری ہیں؟,arrival_guidance,اسلام آباد انٹرنیشنل ائیرپورٹ (ISB),سامان وصول کرنے کے بعد کسٹمز ایریا میں جائیں اور مناسب چینل کی پیروی کریں۔ اگر کوئی شئے ڈکلئیر کرنی ہے تو رسیدیں تیار رکھیں اور افسر کو دکھائیں۔ مزید سوالات کیلئے کسٹمز انفارمیشن کاؤنٹر سے رجوع کریں۔,Urdu
45,customs,بیگج حاصل کرنے کے بعد کسٹمز کا طریقہ کار کیا ہے؟,arrival_guidance,اسلام آباد انٹرنیشنل ائیرپورٹ (ISB),سامان وصول کرنے کے بعد کسٹمز ایریا میں جائیں اور مناسب چینل کی پیروی کریں۔ اگر کوئی شئے ڈکلئیر کرنی ہے تو رسیدیں تیار رکھیں اور افسر کو دکھائیں۔ مزید سوالات کیلئے کسٹمز انفارمیشن کاؤنٹر سے رجوع کریں۔,Urdu
46,customs,کیا کچھ چیزیں کسٹمز میں ظاہر کرنا ضروری ہیں؟,arrival_guidance,اسلام آباد انٹرنیشنل ائیرپورٹ (ISB),سامان وصول کرنے کے بعد کسٹمز ایریا میں جائیں اور مناسب چینل کی پیروی کریں۔ اگر کوئی شئے ڈکلئیر کرنی ہے تو رسیدیں تیار رکھیں اور افسر کو دکھائیں۔ مزید سوالات کیلئے کسٹمز انفارمیشن کاؤنٹر سے رجوع کریں۔,Urdu
47,customs,بیگج حاصل کرنے کے بعد کسٹمز کا طریقہ کار کیا ہے؟,arrival_guidance,اسلام آباد انٹرنیشنل ائیرپورٹ (ISB),سامان وصول کرنے کے بعد کسٹمز ایریا میں جائیں اور مناسب چینل کی پیروی کریں۔ اگر کوئی شئے ڈکلئیر کرنی ہے تو رسیدیں تیار رکھیں اور افسر کو دکھائیں۔ مزید سوالات کیلئے کسٹمز انفارمیشن کاؤنٹر سے رجوع کریں۔,Urdu
48,customs,کیا کچھ چیزیں کسٹمز میں ظاہر کرنا ضروری ہیں؟,arrival_guidance,اسلام آباد انٹرنیشنل ائیرپورٹ (ISB),سامان وصول کرنے کے بعد کسٹمز ایریا میں جائیں اور مناسب چینل کی پیروی کریں۔ اگر کوئی شئے ڈکلئیر کرنی ہے تو رسیدیں تیار رکھیں اور افسر کو دکھائیں۔ مزید سوالات کیلئے کسٹمز انفارمیشن کاؤنٹر سے رجوع کریں۔,Urdu
49,customs,بیگج حاصل کرنے کے بعد کسٹمز کا طریقہ کار کیا ہے؟,arrival_guidance,اسلام آباد انٹرنیشنل ائیرپورٹ (ISB),سامان وصول کرنے کے بعد کسٹمز ایریا میں جائیں اور مناسب چینل کی پیروی کریں۔ اگر کوئی شئے ڈکلئیر کرنی ہے تو رسیدیں تیار رکھیں اور افسر کو دکھائیں۔ مزید سوالات کیلئے کسٹمز انفارمیشن کاؤنٹر سے رجوع کریں۔,Urdu
50,customs,بیگج حاصل کرنے کے بعد کسٹمز کا طریقہ کار کیا ہے؟,arrival_guidance,اسلام آباد انٹرنیشنل ائیرپورٹ (ISB),سامان وصول کرنے کے بعد کسٹمز ایریا میں جائیں اور مناسب چینل کی پیروی کریں۔ اگر کوئی شئے ڈکلئیر کرنی ہے تو رسیدیں تیار رکھیں اور افسر کو دکھائیں۔ مزید سوالات کیلئے کسٹمز انفارمیشن کاؤنٹر سے رجوع کریں۔,Urdu
51,customs,کیا کچھ چیزیں کسٹمز میں ظاہر کرنا ضروری ہیں؟,arrival_guidance,اسلام آباد انٹرنیشنل ائیرپورٹ (ISB),سامان وصول کرنے کے بعد کسٹمز ایریا میں جائیں اور مناسب چینل کی پیروی کریں۔ اگر کوئی شئے ڈکلئیر کرنی ہے تو رسیدیں تیار رکھیں اور افسر کو دکھائیں۔ مزید سوالات کیلئے کسٹمز انفارمیشن کاؤنٹر سے رجوع کریں۔,Urdu
52,customs,بیگج حاصل کرنے کے بعد کسٹمز کا طریقہ کار کیا ہے؟,arrival_guidance,اسلام آباد انٹرنیشنل ائیرپورٹ (ISB),سامان وصول کرنے کے بعد کسٹمز ایریا میں جائیں اور مناسب چینل کی پیروی کریں۔ اگر کوئی شئے ڈکلئیر کرنی ہے تو رسیدیں تیار رکھیں اور افسر کو دکھائیں۔ مزید سوالات کیلئے کسٹمز انفارمیشن کاؤنٹر سے رجوع کریں۔,Urdu
53,customs,بیگج حاصل کرنے کے بعد کسٹمز کا طریقہ کار کیا ہے؟,arrival_guidance,اسلام آباد انٹرنیشنل ائیرپورٹ (ISB),سامان وصول کرنے کے بعد کسٹمز ایریا میں جائیں اور مناسب چینل کی پیروی کریں۔ اگر کوئی شئے ڈکلئیر کرنی ہے تو رسیدیں تیار رکھیں اور افسر کو دکھائیں۔ مزید سوالات کیلئے کسٹمز انفارمیشن کاؤنٹر سے رجوع کریں۔,Urdu
54,customs,کیا کچھ چیزیں کسٹمز میں ظاہر کرنا ضروری ہیں؟,arrival_guidance,اسلام آباد انٹرنیشنل ائیرپورٹ (ISB),سامان وصول کرنے کے بعد کسٹمز ایریا میں جائیں اور مناسب چینل کی پیروی کریں۔ اگر کوئی شئے ڈکلئیر کرنی ہے تو رسیدیں تیار رکھیں اور افسر کو دکھائیں۔ مزید سوالات کیلئے کسٹمز انفارمیشن کاؤنٹر سے رجوع کریں۔,Urdu
55,customs,بیگج حاصل کرنے کے بعد کسٹمز کا طریقہ کار کیا ہے؟,arrival_guidance,اسلام آباد انٹرنیشنل ائیرپورٹ (ISB),سامان وصول کرنے کے بعد کسٹمز ایریا میں جائیں اور مناسب چینل کی پیروی کریں۔ اگر کوئی شئے ڈکلئیر کرنی ہے تو رسیدیں تیار رکھیں اور افسر کو دکھائیں۔ مزید سوالات کیلئے کسٹمز انفارمیشن کاؤنٹر سے رجوع کریں۔,Urdu
56,customs,کیا کچھ چیزیں کسٹمز میں ظاہر کرنا ضروری ہیں؟,arrival_guidance,اسلام آباد انٹرنیشنل ائیرپورٹ (ISB),سامان وصول کرنے کے بعد کسٹمز ایریا میں جائیں اور مناسب چینل کی پیروی کریں۔ اگر کوئی شئے ڈکلئیر کرنی ہے تو رسیدیں تیار رکھیں اور افسر کو دکھائیں۔ مزید سوالات کیلئے کسٹمز انفارمیشن کاؤنٹر سے رجوع کریں۔,Urdu
57,customs,بیگج حاصل کرنے کے بعد کسٹمز کا طریقہ کار کیا ہے؟,arrival_guidance,اسلام آباد انٹرنیشنل ائیرپورٹ (ISB),سامان وصول کرنے کے بعد کسٹمز ایریا میں جائیں اور مناسب چینل کی پیروی کریں۔ اگر کوئی شئے ڈکلئیر کرنی ہے تو رسیدیں تیار رکھیں اور افسر کو دکھائیں۔ مزید سوالات کیلئے کسٹمز انفارمیشن کاؤنٹر سے رجوع کریں۔,Urdu
58,transport,ائیرپورٹ سے داؤں ٹاؤن اسلام آباد کیسے پہنچا جا سکتا ہے؟,arrival_guidance,اسلام آباد انٹرنیشنل ائیرپورٹ (ISB),اختیاری ٹیکسی اور رائیڈ-ہیلنگ پِک اپ ایریا آمد ہال کے باہر گیٹ 2 اور 3 کے قریب ہے۔ آمد ہال میں داخلہ پر سرکاری ٹیکسی کاؤنٹر موجود ہے جہاں کرایہ معلوم کیا جا سکتا ہے۔ پبلک ٹرانسپورٹ کے لئے شٹل اور بس کے نشانات فالو کریں۔,Urdu
59,transport,آرائیول ایریا میں ٹیکسی اور رائیڈ شیئر کہاں ملتے ہیں؟,arrival_guidance,اسلام آباد انٹرنیشنل ائیرپورٹ (ISB),اختیاری ٹیکسی اور رائیڈ-ہیلنگ پِک اپ ایریا آمد ہال کے باہر گیٹ 2 اور 3 کے قریب ہے۔ آمد ہال میں داخلہ پر سرکاری ٹیکسی کاؤنٹر موجود ہے جہاں کرایہ معلوم کیا جا سکتا ہے۔ پبلک ٹرانسپورٹ کے لئے شٹل اور بس کے نشانات فالو کریں۔,Urdu
60,transport,ائیرپورٹ سے داؤں ٹاؤن اسلام آباد کیسے پہنچا جا سکتا ہے؟,arrival_guidance,اسلام آباد انٹرنیشنل ائیرپورٹ (ISB),اختیاری ٹیکسی اور رائیڈ-ہیلنگ پِک اپ ایریا آمد ہال کے باہر گیٹ 2 اور 3 کے قریب ہے۔ آمد ہال میں داخلہ پر سرکاری ٹیکسی کاؤنٹر موجود ہے جہاں کرایہ معلوم کیا جا سکتا ہے۔ پبلک ٹرانسپورٹ کے لئے شٹل اور بس کے نشانات فالو کریں۔,Urdu
61,transport,ائیرپورٹ سے داؤں ٹاؤن اسلام آباد کیسے پہنچا جا سکتا ہے؟,arrival_guidance,اسلام آباد انٹرنیشنل ائیرپورٹ (ISB),اختیاری ٹیکسی اور رائیڈ-ہیلنگ پِک اپ ایریا آمد ہال کے باہر گیٹ 2 اور 3 کے قریب ہے۔ آمد ہال میں داخلہ پر سرکاری ٹیکسی کاؤنٹر موجود ہے جہاں کرایہ معلوم کیا جا سکتا ہے۔ پبلک ٹرانسپورٹ کے لئے شٹل اور بس کے نشانات فالو کریں۔,Urdu
62,transport,خاندان کے اٹھانے کے لیے مختصر قیام کہاں ہے؟,arrival_guidance,اسلام آباد انٹرنیشنل ائیرپورٹ (ISB),اختیاری ٹیکسی اور رائیڈ-ہیلنگ پِک اپ ایریا آمد ہال کے باہر گیٹ 2 اور 3 کے قریب ہے۔ آمد ہال میں داخلہ پر سرکاری ٹیکسی کاؤنٹر موجود ہے جہاں کرایہ معلوم کیا جا سکتا ہے۔ پبلک ٹرانسپورٹ کے لئے شٹل اور بس کے نشانات فالو کریں۔,Urdu
63,transport,خاندان کے اٹھانے کے لیے مختصر قیام کہاں ہے؟,arrival_guidance,اسلام آباد انٹرنیشنل ائیرپورٹ (ISB),اختیاری ٹیکسی اور رائیڈ-ہیلنگ پِک اپ ایریا آمد ہال کے باہر گیٹ 2 اور 3 کے قریب ہے۔ آمد ہال میں داخلہ پر سرکاری ٹیکسی کاؤنٹر موجود ہے جہاں کرایہ معلوم کیا جا سکتا ہے۔ پبلک ٹرانسپورٹ کے لئے شٹل اور بس کے نشانات فالو کریں۔,Urdu
64,transport,ائیرپورٹ سے داؤں ٹاؤن اسلام آباد کیسے پہنچا جا سکتا ہے؟,arrival_guidance,اسلام آباد انٹرنیشنل ائیرپورٹ (ISB),اختیاری ٹیکسی اور رائیڈ-ہیلنگ پِک اپ ایریا آمد ہال کے باہر گیٹ 2 اور 3 کے قریب ہے۔ آمد ہال میں داخلہ پر سرکاری ٹیکسی کاؤنٹر موجود ہے جہاں کرایہ معلوم کیا جا سکتا ہے۔ پبلک ٹرانسپورٹ کے لئے شٹل اور بس کے نشانات فالو کریں۔,Urdu
65,transport,ائیرپورٹ سے داؤں ٹاؤن اسلام آباد کیسے پہنچا جا سکتا ہے؟,arrival_guidance,اسلام آباد انٹرنیشنل ائیرپورٹ (ISB),اختیاری ٹیکسی اور رائیڈ-ہیلنگ پِک اپ ایریا آمد ہال کے باہر گیٹ 2 اور 3 کے قریب ہے۔ آمد ہال میں داخلہ پر سرکاری ٹیکسی کاؤنٹر موجود ہے جہاں کرایہ معلوم کیا جا سکتا ہے۔ پبلک ٹرانسپورٹ کے لئے شٹل اور بس کے نشانات فالو کریں۔,Urdu
66,transport,آرائیول ایریا میں ٹیکسی اور رائیڈ شیئر کہاں ملتے ہیں؟,arrival_guidance,اسلام آباد انٹرنیشنل ائیرپورٹ (ISB),اختیاری ٹیکسی اور رائیڈ-ہیلنگ پِک اپ ایریا آمد ہال کے باہر گیٹ 2 اور 3 کے قریب ہے۔ آمد ہال میں داخلہ پر سرکاری ٹیکسی کاؤنٹر موجود ہے جہاں کرایہ معلوم کیا جا سکتا ہے۔ پبلک ٹرانسپورٹ کے لئے شٹل اور بس کے نشانات فالو کریں۔,Urdu
67,transport,ائیرپورٹ سے داؤں ٹاؤن اسلام آباد کیسے پہنچا جا سکتا ہے؟,arrival_guidance,اسلام آباد انٹرنیشنل ائیرپورٹ (ISB),اختیاری ٹیکسی اور رائیڈ-ہیلنگ پِک اپ ایریا آمد ہال کے باہر گیٹ 2 اور 3 کے قریب ہے۔ آمد ہال میں داخلہ پر سرکاری ٹیکسی کاؤنٹر موجود ہے جہاں کرایہ معلوم کیا جا سکتا ہے۔ پبلک ٹرانسپورٹ کے لئے شٹل اور بس کے نشانات فالو کریں۔,Urdu
68,transport,آرائیول ایریا میں ٹیکسی اور رائیڈ شیئر کہاں ملتے ہیں؟,arrival_guidance,اسلام آباد انٹرنیشنل ائیرپورٹ (ISB),اختیاری ٹیکسی اور رائیڈ-ہیلنگ پِک اپ ایریا آمد ہال کے باہر گیٹ 2 اور 3 کے قریب ہے۔ آمد ہال میں داخلہ پر سرکاری ٹیکسی کاؤنٹر موجود ہے جہاں کرایہ معلوم کیا جا سکتا ہے۔ پبلک ٹرانسپورٹ کے لئے شٹل اور بس کے نشانات فالو کریں۔,Urdu
69,transport,خاندان کے اٹھانے کے لیے مختصر قیام کہاں ہے؟,arrival_guidance,اسلام آباد انٹرنیشنل ائیرپورٹ (ISB),اختیاری ٹیکسی اور رائیڈ-ہیلنگ پِک اپ ایریا آمد ہال کے باہر گیٹ 2 اور 3 کے قریب ہے۔ آمد ہال میں داخلہ پر سرکاری ٹیکسی کاؤنٹر موجود ہے جہاں کرایہ معلوم کیا جا سکتا ہے۔ پبلک ٹرانسپورٹ کے لئے شٹل اور بس کے نشانات فالو کریں۔,Urdu
70,transport,خاندان کے اٹھانے کے لیے مختصر قیام کہاں ہے؟,arrival_guidance,اسلام آباد انٹرنیشنل ائیرپورٹ (ISB),اختیاری ٹیکسی اور رائیڈ-ہیلنگ پِک اپ ایریا آمد ہال کے باہر گیٹ 2 اور 3 کے قریب ہے۔ آمد ہال میں داخلہ پر سرکاری ٹیکسی کاؤنٹر موجود ہے جہاں کرایہ معلوم کیا جا سکتا ہے۔ پبلک ٹرانسپورٹ کے لئے شٹل اور بس کے نشانات فالو کریں۔,Urdu
71,transport,ائیرپورٹ سے داؤں ٹاؤن اسلام آباد کیسے پہنچا جا سکتا ہے؟,arrival_guidance,اسلام آباد انٹرنیشنل ائیرپورٹ (ISB),اختیاری ٹیکسی اور رائیڈ-ہیلنگ پِک اپ ایریا آمد ہال کے باہر گیٹ 2 اور 3 کے قریب ہے۔ آمد ہال میں داخلہ پر سرکاری ٹیکسی کاؤنٹر موجود ہے جہاں کرایہ معلوم کیا جا سکتا ہے۔ پبلک ٹرانسپورٹ کے لئے شٹل اور بس کے نشانات فالو کریں۔,Urdu
72,transport,آرائیول ایریا میں ٹیکسی اور رائیڈ شیئر کہاں ملتے ہیں؟,arrival_guidance,اسلام آباد انٹرنیشنل ائیرپورٹ (ISB),اختیاری ٹیکسی اور رائیڈ-ہیلنگ پِک اپ ایریا آمد ہال کے باہر گیٹ 2 اور 3 کے قریب ہے۔ آمد ہال میں داخلہ پر سرکاری ٹیکسی کاؤنٹر موجود ہے جہاں کرایہ معلوم کیا جا سکتا ہے۔ پبلک ٹرانسپورٹ کے لئے شٹل اور بس کے نشانات فالو کریں۔,Urdu
73,transport,ائیرپورٹ سے داؤں ٹاؤن اسلام آباد کیسے پہنچا جا سکتا ہے؟,arrival_guidance,اسلام آباد انٹرنیشنل ائیرپورٹ (ISB),اختیاری ٹیکسی اور رائیڈ-ہیلنگ پِک اپ ایریا آمد ہال کے باہر گیٹ 2 اور 3 کے قریب ہے۔ آمد ہال میں داخلہ پر سرکاری ٹیکسی کاؤنٹر موجود ہے جہاں کرایہ معلوم کیا جا سکتا ہے۔ پبلک ٹرانسپورٹ کے لئے شٹل اور بس کے نشانات فالو کریں۔,Urdu
74,transport,خاندان کے اٹھانے کے لیے مختصر قیام کہاں ہے؟,arrival_guidance,اسلام آباد انٹرنیشنل ائیرپورٹ (ISB),اختیاری ٹیکسی اور رائیڈ-ہیلنگ پِک اپ ایریا آمد ہال کے باہر گیٹ 2 اور 3 کے قریب ہے۔ آمد ہال میں داخلہ پر سرکاری ٹیکسی کاؤنٹر موجود ہے جہاں کرایہ معلوم کیا جا سکتا ہے۔ پبلک ٹرانسپورٹ کے لئے شٹل اور بس کے نشانات فالو کریں۔,Urdu
75,transport,ائیرپورٹ سے داؤں ٹاؤن اسلام آباد کیسے پہنچا جا سکتا ہے؟,arrival_guidance,اسلام آباد انٹرنیشنل ائیرپورٹ (ISB),اختیاری ٹیکسی اور رائیڈ-ہیلنگ پِک اپ ایریا آمد ہال کے باہر گیٹ 2 اور 3 کے قریب ہے۔ آمد ہال میں داخلہ پر سرکاری ٹیکسی کاؤنٹر موجود ہے جہاں کرایہ معلوم کیا جا سکتا ہے۔ پبلک ٹرانسپورٹ کے لئے شٹل اور بس کے نشانات فالو کریں۔,Urdu
76,transport,ائیرپورٹ سے داؤں ٹاؤن اسلام آباد کیسے پہنچا جا سکتا ہے؟,arrival_guidance,اسلام آباد انٹرنیشنل ائیرپورٹ (ISB),اختیاری ٹیکسی اور رائیڈ-ہیلنگ پِک اپ ایریا آمد ہال کے باہر گیٹ 2 اور 3 کے قریب ہے۔ آمد ہال میں داخلہ پر سرکاری ٹیکسی کاؤنٹر موجود ہے جہاں کرایہ معلوم کیا جا سکتا ہے۔ پبلک ٹرانسپورٹ کے لئے شٹل اور بس کے نشانات فالو کریں۔,Urdu
77,assistance,وہیل چیئر مدد کیلئے کیسے درخواست دینی ہے؟,arrival_guidance,اسلام آباد انٹرنیشنل ائیرپورٹ (ISB),وہیل چیئر اور معاون خدمات آمد ہال کے اندر اسسٹنس ڈیسک سے دستیاب ہیں۔ اگر آپ نے قبل ازیں مدد کی درخواست کی ہے تو عملہ آپ کو گیٹ پر وصول کرے گا۔ فوری مدد کے لیے ہیلپ ڈیسک سے رابطہ کریں۔,Urdu
78,assistance,کیا بزرگ مسافروں کی مدد دستیاب ہے؟,arrival_guidance,اسلام آباد انٹرنیشنل ائیرپورٹ (ISB),وہیل چیئر اور معاون خدمات آمد ہال کے اندر اسسٹنس ڈیسک سے دستیاب ہیں۔ اگر آپ نے قبل ازیں مدد کی درخواست کی ہے تو عملہ آپ کو گیٹ پر وصول کرے گا۔ فوری مدد کے لیے ہیلپ ڈیسک سے رابطہ کریں۔,Urdu
79,assistance,کیا بزرگ مسافروں کی مدد دستیاب ہے؟,arrival_guidance,اسلام آباد انٹرنیشنل ائیرپورٹ (ISB),وہیل چیئر اور معاون خدمات آمد ہال کے اندر اسسٹنس ڈیسک سے دستیاب ہیں۔ اگر آپ نے قبل ازیں مدد کی درخواست کی ہے تو عملہ آپ کو گیٹ پر وصول کرے گا۔ فوری مدد کے لیے ہیلپ ڈیسک سے رابطہ کریں۔,Urdu
80,assistance,وہیل چیئر مدد کیلئے کیسے درخواست دینی ہے؟,arrival_guidance,اسلام آباد انٹرنیشنل ائیرپورٹ (ISB),وہیل چیئر اور معاون خدمات آمد ہال کے اندر اسسٹنس ڈیسک سے دستیاب ہیں۔ اگر آپ نے قبل ازیں مدد کی درخواست کی ہے تو عملہ آپ کو گیٹ پر وصول کرے گا۔ فوری مدد کے لیے ہیلپ ڈیسک سے رابطہ کریں۔,Urdu
81,assistance,کیا بزرگ مسافروں کی مدد دستیاب ہے؟,arrival_guidance,اسلام آباد انٹرنیشنل ائیرپورٹ (ISB),وہیل چیئر اور معاون خدمات آمد ہال کے اندر اسسٹنس ڈیسک سے دستیاب ہیں۔ اگر آپ نے قبل ازیں مدد کی درخواست کی ہے تو عملہ آپ کو گیٹ پر وصول کرے گا۔ فوری مدد کے لیے ہیلپ ڈیسک سے رابطہ کریں۔,Urdu
82,assistance,کیا بزرگ مسافروں کی مدد دستیاب ہے؟,arrival_guidance,اسلام آباد انٹرنیشنل ائیرپورٹ (ISB),وہیل چیئر اور معاون خدمات آمد ہال کے اندر اسسٹنس ڈیسک سے دستیاب ہیں۔ اگر آپ نے قبل ازیں مدد کی درخواست کی ہے تو عملہ آپ کو گیٹ پر وصول کرے گا۔ فوری مدد کے لیے ہیلپ ڈیسک سے رابطہ کریں۔,Urdu
83,assistance,وہیل چیئر مدد کیلئے کیسے درخواست دینی ہے؟,arrival_guidance,اسلام آباد انٹرنیشنل ائیرپورٹ (ISB),وہیل چیئر اور معاون خدمات آمد ہال کے اندر اسسٹنس ڈیسک سے دستیاب ہیں۔ اگر آپ نے قبل ازیں مدد کی درخواست کی ہے تو عملہ آپ کو گیٹ پر وصول کرے گا۔ فوری مدد کے لیے ہیلپ ڈیسک سے رابطہ کریں۔,Urdu
84,assistance,کیا بزرگ مسافروں کی مدد دستیاب ہے؟,arrival_guidance,اسلام آباد انٹرنیشنل ائیرپورٹ (ISB),وہیل چیئر اور معاون خدمات آمد ہال کے اندر اسسٹنس ڈیسک سے دستیاب ہیں۔ اگر آپ نے قبل ازیں مدد کی درخواست کی ہے تو عملہ آپ کو گیٹ پر وصول کرے گا۔ فوری مدد کے لیے ہیلپ ڈیسک سے رابطہ کریں۔,Urdu
85,assistance,کیا بزرگ مسافروں کی مدد دستیاب ہے؟,arrival_guidance,اسلام آباد انٹرنیشنل ائیرپورٹ (ISB),وہیل چیئر اور معاون خدمات آمد ہال کے اندر اسسٹنس ڈیسک سے دستیاب ہیں۔ اگر آپ نے قبل ازیں مدد کی درخواست کی ہے تو عملہ آپ کو گیٹ پر وصول کرے گا۔ فوری مدد کے لیے ہیلپ ڈیسک سے رابطہ کریں۔,Urdu
86,assistance,وہیل چیئر مدد کیلئے کیسے درخواست دینی ہے؟,arrival_guidance,اسلام آباد انٹرنیشنل ائیرپورٹ (ISB),وہیل چیئر اور معاون خدمات آمد ہال کے اندر اسسٹنس ڈیسک سے دستیاب ہیں۔ اگر آپ نے قبل ازیں مدد کی درخواست کی ہے تو عملہ آپ کو گیٹ پر وصول کرے گا۔ فوری مدد کے لیے ہیلپ ڈیسک سے رابطہ کریں۔,Urdu
87,assistance,کیا بزرگ مسافروں کی مدد دستیاب ہے؟,arrival_guidance,اسلام آباد انٹرنیشنل ائیرپورٹ (ISB),وہیل چیئر اور معاون خدمات آمد ہال کے اندر اسسٹنس ڈیسک سے دستیاب ہیں۔ اگر آپ نے قبل ازیں مدد کی درخواست کی ہے تو عملہ آپ کو گیٹ پر وصول کرے گا۔ فوری مدد کے لیے ہیلپ ڈیسک سے رابطہ کریں۔,Urdu
88,assistance,کیا بزرگ مسافروں کی مدد دستیاب ہے؟,arrival_guidance,اسلام آباد انٹرنیشنل ائیرپورٹ (ISB),وہیل چیئر اور معاون خدمات آمد ہال کے اندر اسسٹنس ڈیسک سے دستیاب ہیں۔ اگر آپ نے قبل ازیں مدد کی درخواست کی ہے تو عملہ آپ کو گیٹ پر وصول کرے گا۔ فوری مدد کے لیے ہیلپ ڈیسک سے رابطہ کریں۔,Urdu
89,assistance,وہیل چیئر مدد کیلئے کیسے درخواست دینی ہے؟,arrival_guidance,اسلام آباد انٹرنیشنل ائیرپورٹ (ISB),وہیل چیئر اور معاون خدمات آمد ہال کے اندر اسسٹنس ڈیسک سے دستیاب ہیں۔ اگر آپ نے قبل ازیں مدد کی درخواست کی ہے تو عملہ آپ کو گیٹ پر وصول کرے گا۔ فوری مدد کے لیے ہیلپ ڈیسک سے رابطہ کریں۔,Urdu
90,assistance,کیا بزرگ مسافروں کی مدد دستیاب ہے؟,arrival_guidance,اسلام آباد انٹرنیشنل ائیرپورٹ (ISB),وہیل چیئر اور معاون خدمات آمد ہال کے اندر اسسٹنس ڈیسک سے دستیاب ہیں۔ اگر آپ نے قبل ازیں مدد کی درخواست کی ہے تو عملہ آپ کو گیٹ پر وصول کرے گا۔ فوری مدد کے لیے ہیلپ ڈیسک سے رابطہ کریں۔,Urdu
91,assistance,کیا بزرگ مسافروں کی مدد دستیاب ہے؟,arrival_guidance,اسلام آباد انٹرنیشنل ائیرپورٹ (ISB),وہیل چیئر اور معاون خدمات آمد ہال کے اندر اسسٹنس ڈیسک سے دستیاب ہیں۔ اگر آپ نے قبل ازیں مدد کی درخواست کی ہے تو عملہ آپ کو گیٹ پر وصول کرے گا۔ فوری مدد کے لیے ہیلپ ڈیسک سے رابطہ کریں۔,Urdu
92,assistance,کیا بزرگ مسافروں کی مدد دستیاب ہے؟,arrival_guidance,اسلام آباد انٹرنیشنل ائیرپورٹ (ISB),وہیل چیئر اور معاون خدمات آمد ہال کے اندر اسسٹنس ڈیسک سے دستیاب ہیں۔ اگر آپ نے قبل ازیں مدد کی درخواست کی ہے تو عملہ آپ کو گیٹ پر وصول کرے گا۔ فوری مدد کے لیے ہیلپ ڈیسک سے رابطہ کریں۔,Urdu
93,assistance,وہیل چیئر مدد کیلئے کیسے درخواست دینی ہے؟,arrival_guidance,اسلام آباد انٹرنیشنل ائیرپورٹ (ISB),وہیل چیئر اور معاون خدمات آمد ہال کے اندر اسسٹنس ڈیسک سے دستیاب ہیں۔ اگر آپ نے قبل ازیں مدد کی درخواست کی ہے تو عملہ آپ کو گیٹ پر وصول کرے گا۔ فوری مدد کے لیے ہیلپ ڈیسک سے رابطہ کریں۔,Urdu
94,assistance,کیا بزرگ مسافروں کی مدد دستیاب ہے؟,arrival_guidance,اسلام آباد انٹرنیشنل ائیرپورٹ (ISB),وہیل چیئر اور معاون خدمات آمد ہال کے اندر اسسٹنس ڈیسک سے دستیاب ہیں۔ اگر آپ نے قبل ازیں مدد کی درخواست کی ہے تو عملہ آپ کو گیٹ پر وصول کرے گا۔ فوری مدد کے لیے ہیلپ ڈیسک سے رابطہ کریں۔,Urdu
95,assistance,کیا بزرگ مسافروں کی مدد دستیاب ہے؟,arrival_guidance,اسلام آباد انٹرنیشنل ائیرپورٹ (ISB),وہیل چیئر اور معاون خدمات آمد ہال کے اندر اسسٹنس ڈیسک سے دستیاب ہیں۔ اگر آپ نے قبل ازیں مدد کی درخواست کی ہے تو عملہ آپ کو گیٹ پر وصول کرے گا۔ فوری مدد کے لیے ہیلپ ڈیسک سے رابطہ کریں۔,Urdu
96,prayer,کیا آمد ہال کے قریب نماز کے لیے جگہ ہے؟,arrival_guidance,اسلام آباد انٹرنیشنل ائیرپورٹ (ISB),آرائیول ہال کے قریب مردوں اور خواتین کے لیے نماز کے کمرے موجود ہیں، 'Prayer Area' کے نشانات دیکھیں۔ وضو کی سہولت وہاں دستیاب ہے۔ رہنمائی کے لیے انفارمیشن ڈیسک سے مدد لیں۔,Urdu
97,prayer,کیا آمد ہال کے قریب نماز کے لیے جگہ ہے؟,arrival_guidance,اسلام آباد انٹرنیشنل ائیرپورٹ (ISB),آرائیول ہال کے قریب مردوں اور خواتین کے لیے نماز کے کمرے موجود ہیں، 'Prayer Area' کے نشانات دیکھیں۔ وضو کی سہولت وہاں دستیاب ہے۔ رہنمائی کے لیے انفارمیشن ڈیسک سے مدد لیں۔,Urdu
98,prayer,کیا آمد ہال کے قریب نماز کے لیے جگہ ہے؟,arrival_guidance,اسلام آباد انٹرنیشنل ائیرپورٹ (ISB),آرائیول ہال کے قریب مردوں اور خواتین کے لیے نماز کے کمرے موجود ہیں، 'Prayer Area' کے نشانات دیکھیں۔ وضو کی سہولت وہاں دستیاب ہے۔ رہنمائی کے لیے انفارمیشن ڈیسک سے مدد لیں۔,Urdu
99,prayer,کیا آمد ہال کے قریب نماز کے لیے جگہ ہے؟,arrival_guidance,اسلام آباد انٹرنیشنل ائیرپورٹ (ISB),آرائیول ہال کے قریب مردوں اور خواتین کے لیے نماز کے کمرے موجود ہیں، 'Prayer Area' کے نشانات دیکھیں۔ وضو کی سہولت وہاں دستیاب ہے۔ رہنمائی کے لیے انفارمیشن ڈیسک سے مدد لیں۔,Urdu
100,prayer,کیا آمد ہال کے قریب نماز کے لیے جگہ ہے؟,arrival_guidance,اسلام آباد انٹرنیشنل ائیرپورٹ (ISB),آرائیول ہال کے قریب مردوں اور خواتین کے لیے نماز کے کمرے موجود ہیں، 'Prayer Area' کے نشانات دیکھیں۔ وضو کی سہولت وہاں دستیاب ہے۔ رہنمائی کے لیے انفارمیشن ڈیسک سے مدد لیں۔,Urdu
101,prayer,نماز کی جگہ کہاں واقع ہے؟,arrival_guidance,اسلام آباد انٹرنیشنل ائیرپورٹ (ISB),آرائیول ہال کے قریب مردوں اور خواتین کے لیے نماز کے کمرے موجود ہیں، 'Prayer Area' کے نشانات دیکھیں۔ وضو کی سہولت وہاں دستیاب ہے۔ رہنمائی کے لیے انفارمیشن ڈیسک سے مدد لیں۔,Urdu
102,prayer,کیا آمد ہال کے قریب نماز کے لیے جگہ ہے؟,arrival_guidance,اسلام آباد انٹرنیشنل ائیرپورٹ (ISB),آرائیول ہال کے قریب مردوں اور خواتین کے لیے نماز کے کمرے موجود ہیں، 'Prayer Area' کے نشانات دیکھیں۔ وضو کی سہولت وہاں دستیاب ہے۔ رہنمائی کے لیے انفارمیشن ڈیسک سے مدد لیں۔,Urdu
103,prayer,نماز کی جگہ کہاں واقع ہے؟,arrival_guidance,اسلام آباد انٹرنیشنل ائیرپورٹ (ISB),آرائیول ہال کے قریب مردوں اور خواتین کے لیے نماز کے کمرے موجود ہیں، 'Prayer Area' کے نشانات دیکھیں۔ وضو کی سہولت وہاں دستیاب ہے۔ رہنمائی کے لیے انفارمیشن ڈیسک سے مدد لیں۔,Urdu
104,prayer,کیا آمد ہال کے قریب نماز کے لیے جگہ ہے؟,arrival_guidance,اسلام آباد انٹرنیشنل ائیرپورٹ (ISB),آرائیول ہال کے قریب مردوں اور خواتین کے لیے نماز کے کمرے موجود ہیں، 'Prayer Area' کے نشانات دیکھیں۔ وضو کی سہولت وہاں دستیاب ہے۔ رہنمائی کے لیے انفارمیشن ڈیسک سے مدد لیں۔,Urdu
105,prayer,کیا آمد ہال کے قریب نماز کے لیے جگہ ہے؟,arrival_guidance,اسلام آباد انٹرنیشنل ائیرپورٹ (ISB),آرائیول ہال کے قریب مردوں اور خواتین کے لیے نماز کے کمرے موجود ہیں، 'Prayer Area' کے نشانات دیکھیں۔ وضو کی سہولت وہاں دستیاب ہے۔ رہنمائی کے لیے انفارمیشن ڈیسک سے مدد لیں۔,Urdu
106,prayer,کیا آمد ہال کے قریب نماز کے لیے جگہ ہے؟,arrival_guidance,اسلام آباد انٹرنیشنل ائیرپورٹ (ISB),آرائیول ہال کے قریب مردوں اور خواتین کے لیے نماز کے کمرے موجود ہیں، 'Prayer Area' کے نشانات دیکھیں۔ وضو کی سہولت وہاں دستیاب ہے۔ رہنمائی کے لیے انفارمیشن ڈیسک سے مدد لیں۔,Urdu
107,prayer,کیا آمد ہال کے قریب نماز کے لیے جگہ ہے؟,arrival_guidance,اسلام آباد انٹرنیشنل ائیرپورٹ (ISB),آرائیول ہال کے قریب مردوں اور خواتین کے لیے نماز کے کمرے موجود ہیں، 'Prayer Area' کے نشانات دیکھیں۔ وضو کی سہولت وہاں دستیاب ہے۔ رہنمائی کے لیے انفارمیشن ڈیسک سے مدد لیں۔,Urdu
108,prayer,کیا آمد ہال کے قریب نماز کے لیے جگہ ہے؟,arrival_guidance,اسلام آباد انٹرنیشنل ائیرپورٹ (ISB),آرائیول ہال کے قریب مردوں اور خواتین کے لیے نماز کے کمرے موجود ہیں، 'Prayer Area' کے نشانات دیکھیں۔ وضو کی سہولت وہاں دستیاب ہے۔ رہنمائی کے لیے انفارمیشن ڈیسک سے مدد لیں۔,Urdu
109,prayer,نماز کی جگہ کہاں واقع ہے؟,arrival_guidance,اسلام آباد انٹرنیشنل ائیرپورٹ (ISB),آرائیول ہال کے قریب مردوں اور خواتین کے لیے نماز کے کمرے موجود ہیں، 'Prayer Area' کے نشانات دیکھیں۔ وضو کی سہولت وہاں دستیاب ہے۔ رہنمائی کے لیے انفارمیشن ڈیسک سے مدد لیں۔,Urdu
110,prayer,نماز کی جگہ کہاں واقع ہے؟,arrival_guidance,اسلام آباد انٹرنیشنل ائیرپورٹ (ISB),آرائیول ہال کے قریب مردوں اور خواتین کے لیے نماز کے کمرے موجود ہیں، 'Prayer Area' کے نشانات دیکھیں۔ وضو کی سہولت وہاں دستیاب ہے۔ رہنمائی کے لیے انفارمیشن ڈیسک سے مدد لیں۔,Urdu
111,prayer,کیا آمد ہال کے قریب نماز کے لیے جگہ ہے؟,arrival_guidance,اسلام آباد انٹرنیشنل ائیرپورٹ (ISB),آرائیول ہال کے قریب مردوں اور خواتین کے لیے نماز کے کمرے موجود ہیں، 'Prayer Area' کے نشانات دیکھیں۔ وضو کی سہولت وہاں دستیاب ہے۔ رہنمائی کے لیے انفارمیشن ڈیسک سے مدد لیں۔,Urdu
112,prayer,نماز کی جگہ کہاں واقع ہے؟,arrival_guidance,اسلام آباد انٹرنیشنل ائیرپورٹ (ISB),آرائیول ہال کے قریب مردوں اور خواتین کے لیے نماز کے کمرے موجود ہیں، 'Prayer Area' کے نشانات دیکھیں۔ وضو کی سہولت وہاں دستیاب ہے۔ رہنمائی کے لیے انفارمیشن ڈیسک سے مدد لیں۔,Urdu
113,prayer,نماز کی جگہ کہاں واقع ہے؟,arrival_guidance,اسلام آباد انٹرنیشنل ائیرپورٹ (ISB),آرائیول ہال کے قریب مردوں اور خواتین کے لیے نماز کے کمرے موجود ہیں، 'Prayer Area' کے نشانات دیکھیں۔ وضو کی سہولت وہاں دستیاب ہے۔ رہنمائی کے لیے انفارمیشن ڈیسک سے مدد لیں۔,Urdu
114,prayer,نماز کی جگہ کہاں واقع ہے؟,arrival_guidance,اسلام آباد انٹرنیشنل ائیرپورٹ (ISB),آرائیول ہال کے قریب مردوں اور خواتین کے لیے نماز کے کمرے موجود ہیں، 'Prayer Area' کے نشانات دیکھیں۔ وضو کی سہولت وہاں دستیاب ہے۔ رہنمائی کے لیے انفارمیشن ڈیسک سے مدد لیں۔,Urdu
115,restroom,آیا یہاں بچوں کے لیے بیبی چینجنگ کی سہولت ہے؟,arrival_guidance,اسلام آباد انٹرنیشنل ائیرپورٹ (ISB),آرائیول کنکورس میں بیت الخلاء اور بچوں کے لیے بیبی چینج سہولت موجود ہے۔ معذور افراد کے لیے مخصوص باتھ روم مرکزی ایگزٹ کے قریب ہیں۔ رہنمائی کے لیے انفارمیشن ڈیسک سے رابطہ کریں۔,Urdu
116,restroom,آیا یہاں بچوں کے لیے بیبی چینجنگ کی سہولت ہے؟,arrival_guidance,اسلام آباد انٹرنیشنل ائیرپورٹ (ISB),آرائیول کنکورس میں بیت الخلاء اور بچوں کے لیے بیبی چینج سہولت موجود ہے۔ معذور افراد کے لیے مخصوص باتھ روم مرکزی ایگزٹ کے قریب ہیں۔ رہنمائی کے لیے انفارمیشن ڈیسک سے رابطہ کریں۔,Urdu
117,restroom,آرائیول ہال میں بیت الخلاء کہاں ہیں؟,arrival_guidance,اسلام آباد انٹرنیشنل ائیرپورٹ (ISB),آرائیول کنکورس میں بیت الخلاء اور بچوں کے لیے بیبی چینج سہولت موجود ہے۔ معذور افراد کے لیے مخصوص باتھ روم مرکزی ایگزٹ کے قریب ہیں۔ رہنمائی کے لیے انفارمیشن ڈیسک سے رابطہ کریں۔,Urdu
118,restroom,آرائیول ہال میں بیت الخلاء کہاں ہیں؟,arrival_guidance,اسلام آباد انٹرنیشنل ائیرپورٹ (ISB),آرائیول کنکورس میں بیت الخلاء اور بچوں کے لیے بیبی چینج سہولت موجود ہے۔ معذور افراد کے لیے مخصوص باتھ روم مرکزی ایگزٹ کے قریب ہیں۔ رہنمائی کے لیے انفارمیشن ڈیسک سے رابطہ کریں۔,Urdu
119,restroom,آیا یہاں بچوں کے لیے بیبی چینجنگ کی سہولت ہے؟,arrival_guidance,اسلام آباد انٹرنیشنل ائیرپورٹ (ISB),آرائیول کنکورس میں بیت الخلاء اور بچوں کے لیے بیبی چینج سہولت موجود ہے۔ معذور افراد کے لیے مخصوص باتھ روم مرکزی ایگزٹ کے قریب ہیں۔ رہنمائی کے لیے انفارمیشن ڈیسک سے رابطہ کریں۔,Urdu
120,restroom,آیا یہاں بچوں کے لیے بیبی چینجنگ کی سہولت ہے؟,arrival_guidance,اسلام آباد انٹرنیشنل ائیرپورٹ (ISB),آرائیول کنکورس میں بیت الخلاء اور بچوں کے لیے بیبی چینج سہولت موجود ہے۔ معذور افراد کے لیے مخصوص باتھ روم مرکزی ایگزٹ کے قریب ہیں۔ رہنمائی کے لیے انفارمیشن ڈیسک سے رابطہ کریں۔,Urdu
121,restroom,آیا یہاں بچوں کے لیے بیبی چینجنگ کی سہولت ہے؟,arrival_guidance,اسلام آباد انٹرنیشنل ائیرپورٹ (ISB),آرائیول کنکورس میں بیت الخلاء اور بچوں کے لیے بیبی چینج سہولت موجود ہے۔ معذور افراد کے لیے مخصوص باتھ روم مرکزی ایگزٹ کے قریب ہیں۔ رہنمائی کے لیے انفارمیشن ڈیسک سے رابطہ کریں۔,Urdu
122,restroom,آرائیول ہال میں بیت الخلاء کہاں ہیں؟,arrival_guidance,اسلام آباد انٹرنیشنل ائیرپورٹ (ISB),آرائیول کنکورس میں بیت الخلاء اور بچوں کے لیے بیبی چینج سہولت موجود ہے۔ معذور افراد کے لیے مخصوص باتھ روم مرکزی ایگزٹ کے قریب ہیں۔ رہنمائی کے لیے انفارمیشن ڈیسک سے رابطہ کریں۔,Urdu
123,restroom,آیا یہاں بچوں کے لیے بیبی چینجنگ کی سہولت ہے؟,arrival_guidance,اسلام آباد انٹرنیشنل ائیرپورٹ (ISB),آرائیول کنکورس میں بیت الخلاء اور بچوں کے لیے بیبی چینج سہولت موجود ہے۔ معذور افراد کے لیے مخصوص باتھ روم مرکزی ایگزٹ کے قریب ہیں۔ رہنمائی کے لیے انفارمیشن ڈیسک سے رابطہ کریں۔,Urdu
124,restroom,آرائیول ہال میں بیت الخلاء کہاں ہیں؟,arrival_guidance,اسلام آباد انٹرنیشنل ائیرپورٹ (ISB),آرائیول کنکورس میں بیت الخلاء اور بچوں کے لیے بیبی چینج سہولت موجود ہے۔ معذور افراد کے لیے مخصوص باتھ روم مرکزی ایگزٹ کے قریب ہیں۔ رہنمائی کے لیے انفارمیشن ڈیسک سے رابطہ کریں۔,Urdu
125,restroom,آرائیول ہال میں بیت الخلاء کہاں ہیں؟,arrival_guidance,اسلام آباد انٹرنیشنل ائیرپورٹ (ISB),آرائیول کنکورس میں بیت الخلاء اور بچوں کے لیے بیبی چینج سہولت موجود ہے۔ معذور افراد کے لیے مخصوص باتھ روم مرکزی ایگزٹ کے قریب ہیں۔ رہنمائی کے لیے انفارمیشن ڈیسک سے رابطہ کریں۔,Urdu
126,restroom,آیا یہاں بچوں کے لیے بیبی چینجنگ کی سہولت ہے؟,arrival_guidance,اسلام آباد انٹرنیشنل ائیرپورٹ (ISB),آرائیول کنکورس میں بیت الخلاء اور بچوں کے لیے بیبی چینج سہولت موجود ہے۔ معذور افراد کے لیے مخصوص باتھ روم مرکزی ایگزٹ کے قریب ہیں۔ رہنمائی کے لیے انفارمیشن ڈیسک سے رابطہ کریں۔,Urdu
127,restroom,آرائیول ہال میں بیت الخلاء کہاں ہیں؟,arrival_guidance,اسلام آباد انٹرنیشنل ائیرپورٹ (ISB),آرائیول کنکورس میں بیت الخلاء اور بچوں کے لیے بیبی چینج سہولت موجود ہے۔ معذور افراد کے لیے مخصوص باتھ روم مرکزی ایگزٹ کے قریب ہیں۔ رہنمائی کے لیے انفارمیشن ڈیسک سے رابطہ کریں۔,Urdu
128,restroom,آرائیول ہال میں بیت الخلاء کہاں ہیں؟,arrival_guidance,اسلام آباد انٹرنیشنل ائیرپورٹ (ISB),آرائیول کنکورس میں بیت الخلاء اور بچوں کے لیے بیبی چینج سہولت موجود ہے۔ معذور افراد کے لیے مخصوص باتھ روم مرکزی ایگزٹ کے قریب ہیں۔ رہنمائی کے لیے انفارمیشن ڈیسک سے رابطہ کریں۔,Urdu
129,restroom,آرائیول ہال میں بیت الخلاء کہاں ہیں؟,arrival_guidance,اسلام آباد انٹرنیشنل ائیرپورٹ (ISB),آرائیول کنکورس میں بیت الخلاء اور بچوں کے لیے بیبی چینج سہولت موجود ہے۔ معذور افراد کے لیے مخصوص باتھ روم مرکزی ایگزٹ کے قریب ہیں۔ رہنمائی کے لیے انفارمیشن ڈیسک سے رابطہ کریں۔,Urdu
130,restroom,آرائیول ہال میں بیت الخلاء کہاں ہیں؟,arrival_guidance,اسلام آباد انٹرنیشنل ائیرپورٹ (ISB),آرائیول کنکورس میں بیت الخلاء اور بچوں کے لیے بیبی چینج سہولت موجود ہے۔ معذور افراد کے لیے مخصوص باتھ روم مرکزی ایگزٹ کے قریب ہیں۔ رہنمائی کے لیے انفارمیشن ڈیسک سے رابطہ کریں۔,Urdu
131,restroom,آیا یہاں بچوں کے لیے بیبی چینجنگ کی سہولت ہے؟,arrival_guidance,اسلام آباد انٹرنیشنل ائیرپورٹ (ISB),آرائیول کنکورس میں بیت الخلاء اور بچوں کے لیے بیبی چینج سہولت موجود ہے۔ معذور افراد کے لیے مخصوص باتھ روم مرکزی ایگزٹ کے قریب ہیں۔ رہنمائی کے لیے انفارمیشن ڈیسک سے رابطہ کریں۔,Urdu
132,restroom,آرائیول ہال میں بیت الخلاء کہاں ہیں؟,arrival_guidance,اسلام آباد انٹرنیشنل ائیرپورٹ (ISB),آرائیول کنکورس میں بیت الخلاء اور بچوں کے لیے بیبی چینج سہولت موجود ہے۔ معذور افراد کے لیے مخصوص باتھ روم مرکزی ایگزٹ کے قریب ہیں۔ رہنمائی کے لیے انفارمیشن ڈیسک سے رابطہ کریں۔,Urdu
133,restroom,آیا یہاں بچوں کے لیے بیبی چینجنگ کی سہولت ہے؟,arrival_guidance,اسلام آباد انٹرنیشنل ائیرپورٹ (ISB),آرائیول کنکورس میں بیت الخلاء اور بچوں کے لیے بیبی چینج سہولت موجود ہے۔ معذور افراد کے لیے مخصوص باتھ روم مرکزی ایگزٹ کے قریب ہیں۔ رہنمائی کے لیے انفارمیشن ڈیسک سے رابطہ کریں۔,Urdu
134,medical,لینڈنگ کے بعد طبی ہنگامی صورت میں کیا کرنا چاہئے؟,arrival_guidance,اسلام آباد انٹرنیشنل ائیرپورٹ (ISB),فرسٹ ایڈ ڈیسک آمد ایگزٹ کے قریب موجود ہے اور عملہ تعینات رہتا ہے۔ ہنگامی صورتحال میں فوری طور پر عملہ کو مطلع کریں یا انفارمیشن ڈیسک سے رابطہ کریں۔ غیر ہنگامی طبی ضروریات کے لیے قریبی کلینک تک نقل کی سہولت ممکن ہے۔,Urdu
135,medical,آرائیول ایریا میں میڈیکل ڈیسک ہے؟,arrival_guidance,اسلام آباد انٹرنیشنل ائیرپورٹ (ISB),فرسٹ ایڈ ڈیسک آمد ایگزٹ کے قریب موجود ہے اور عملہ تعینات رہتا ہے۔ ہنگامی صورتحال میں فوری طور پر عملہ کو مطلع کریں یا انفارمیشن ڈیسک سے رابطہ کریں۔ غیر ہنگامی طبی ضروریات کے لیے قریبی کلینک تک نقل کی سہولت ممکن ہے۔,Urdu
136,medical,آرائیول ایریا میں میڈیکل ڈیسک ہے؟,arrival_guidance,اسلام آباد انٹرنیشنل ائیرپورٹ (ISB),فرسٹ ایڈ ڈیسک آمد ایگزٹ کے قریب موجود ہے اور عملہ تعینات رہتا ہے۔ ہنگامی صورتحال میں فوری طور پر عملہ کو مطلع کریں یا انفارمیشن ڈیسک سے رابطہ کریں۔ غیر ہنگامی طبی ضروریات کے لیے قریبی کلینک تک نقل کی سہولت ممکن ہے۔,Urdu
137,medical,آرائیول ایریا میں میڈیکل ڈیسک ہے؟,arrival_guidance,اسلام آباد انٹرنیشنل ائیرپورٹ (ISB),فرسٹ ایڈ ڈیسک آمد ایگزٹ کے قریب موجود ہے اور عملہ تعینات رہتا ہے۔ ہنگامی صورتحال میں فوری طور پر عملہ کو مطلع کریں یا انفارمیشن ڈیسک سے رابطہ کریں۔ غیر ہنگامی طبی ضروریات کے لیے قریبی کلینک تک نقل کی سہولت ممکن ہے۔,Urdu
138,medical,آرائیول ایریا میں میڈیکل ڈیسک ہے؟,arrival_guidance,اسلام آباد انٹرنیشنل ائیرپورٹ (ISB),فرسٹ ایڈ ڈیسک آمد ایگزٹ کے قریب موجود ہے اور عملہ تعینات رہتا ہے۔ ہنگامی صورتحال میں فوری طور پر عملہ کو مطلع کریں یا انفارمیشن ڈیسک سے رابطہ کریں۔ غیر ہنگامی طبی ضروریات کے لیے قریبی کلینک تک نقل کی سہولت ممکن ہے۔,Urdu
139,medical,آرائیول ایریا میں میڈیکل ڈیسک ہے؟,arrival_guidance,اسلام آباد انٹرنیشنل ائیرپورٹ (ISB),فرسٹ ایڈ ڈیسک آمد ایگزٹ کے قریب موجود ہے اور عملہ تعینات رہتا ہے۔ ہنگامی صورتحال میں فوری طور پر عملہ کو مطلع کریں یا انفارمیشن ڈیسک سے رابطہ کریں۔ غیر ہنگامی طبی ضروریات کے لیے قریبی کلینک تک نقل کی سہولت ممکن ہے۔,Urdu
140,medical,آرائیول ایریا میں میڈیکل ڈیسک ہے؟,arrival_guidance,اسلام آباد انٹرنیشنل ائیرپورٹ (ISB),فرسٹ ایڈ ڈیسک آمد ایگزٹ کے قریب موجود ہے اور عملہ تعینات رہتا ہے۔ ہنگامی صورتحال میں فوری طور پر عملہ کو مطلع کریں یا انفارمیشن ڈیسک سے رابطہ کریں۔ غیر ہنگامی طبی ضروریات کے لیے قریبی کلینک تک نقل کی سہولت ممکن ہے۔,Urdu
141,medical,آرائیول ایریا میں میڈیکل ڈیسک ہے؟,arrival_guidance,اسلام آباد انٹرنیشنل ائیرپورٹ (ISB),فرسٹ ایڈ ڈیسک آمد ایگزٹ کے قریب موجود ہے اور عملہ تعینات رہتا ہے۔ ہنگامی صورتحال میں فوری طور پر عملہ کو مطلع کریں یا انفارمیشن ڈیسک سے رابطہ کریں۔ غیر ہنگامی طبی ضروریات کے لیے قریبی کلینک تک نقل کی سہولت ممکن ہے۔,Urdu
142,medical,آرائیول ایریا میں میڈیکل ڈیسک ہے؟,arrival_guidance,اسلام آباد انٹرنیشنل ائیرپورٹ (ISB),فرسٹ ایڈ ڈیسک آمد ایگزٹ کے قریب موجود ہے اور عملہ تعینات رہتا ہے۔ ہنگامی صورتحال میں فوری طور پر عملہ کو مطلع کریں یا انفارمیشن ڈیسک سے رابطہ کریں۔ غیر ہنگامی طبی ضروریات کے لیے قریبی کلینک تک نقل کی سہولت ممکن ہے۔,Urdu
143,medical,آرائیول ایریا میں میڈیکل ڈیسک ہے؟,arrival_guidance,اسلام آباد انٹرنیشنل ائیرپورٹ (ISB),فرسٹ ایڈ ڈیسک آمد ایگزٹ کے قریب موجود ہے اور عملہ تعینات رہتا ہے۔ ہنگامی صورتحال میں فوری طور پر عملہ کو مطلع کریں یا انفارمیشن ڈیسک سے رابطہ کریں۔ غیر ہنگامی طبی ضروریات کے لیے قریبی کلینک تک نقل کی سہولت ممکن ہے۔,Urdu
144,medical,لینڈنگ کے بعد طبی ہنگامی صورت میں کیا کرنا چاہئے؟,arrival_guidance,اسلام آباد انٹرنیشنل ائیرپورٹ (ISB),فرسٹ ایڈ ڈیسک آمد ایگزٹ کے قریب موجود ہے اور عملہ تعینات رہتا ہے۔ ہنگامی صورتحال میں فوری طور پر عملہ کو مطلع کریں یا انفارمیشن ڈیسک سے رابطہ کریں۔ غیر ہنگامی طبی ضروریات کے لیے قریبی کلینک تک نقل کی سہولت ممکن ہے۔,Urdu
145,medical,لینڈنگ کے بعد طبی ہنگامی صورت میں کیا کرنا چاہئے؟,arrival_guidance,اسلام آباد انٹرنیشنل ائیرپورٹ (ISB),فرسٹ ایڈ ڈیسک آمد ایگزٹ کے قریب موجود ہے اور عملہ تعینات رہتا ہے۔ ہنگامی صورتحال میں فوری طور پر عملہ کو مطلع کریں یا انفارمیشن ڈیسک سے رابطہ کریں۔ غیر ہنگامی طبی ضروریات کے لیے قریبی کلینک تک نقل کی سہولت ممکن ہے۔,Urdu
146,medical,لینڈنگ کے بعد طبی ہنگامی صورت میں کیا کرنا چاہئے؟,arrival_guidance,اسلام آباد انٹرنیشنل ائیرپورٹ (ISB),فرسٹ ایڈ ڈیسک آمد ایگزٹ کے قریب موجود ہے اور عملہ تعینات رہتا ہے۔ ہنگامی صورتحال میں فوری طور پر عملہ کو مطلع کریں یا انفارمیشن ڈیسک سے رابطہ کریں۔ غیر ہنگامی طبی ضروریات کے لیے قریبی کلینک تک نقل کی سہولت ممکن ہے۔,Urdu
147,medical,آرائیول ایریا میں میڈیکل ڈیسک ہے؟,arrival_guidance,اسلام آباد انٹرنیشنل ائیرپورٹ (ISB),فرسٹ ایڈ ڈیسک آمد ایگزٹ کے قریب موجود ہے اور عملہ تعینات رہتا ہے۔ ہنگامی صورتحال میں فوری طور پر عملہ کو مطلع کریں یا انفارمیشن ڈیسک سے رابطہ کریں۔ غیر ہنگامی طبی ضروریات کے لیے قریبی کلینک تک نقل کی سہولت ممکن ہے۔,Urdu
148,medical,آرائیول ایریا میں میڈیکل ڈیسک ہے؟,arrival_guidance,اسلام آباد انٹرنیشنل ائیرپورٹ (ISB),فرسٹ ایڈ ڈیسک آمد ایگزٹ کے قریب موجود ہے اور عملہ تعینات رہتا ہے۔ ہنگامی صورتحال میں فوری طور پر عملہ کو مطلع کریں یا انفارمیشن ڈیسک سے رابطہ کریں۔ غیر ہنگامی طبی ضروریات کے لیے قریبی کلینک تک نقل کی سہولت ممکن ہے۔,Urdu
149,medical,آرائیول ایریا میں میڈیکل ڈیسک ہے؟,arrival_guidance,اسلام آباد انٹرنیشنل ائیرپورٹ (ISB),فرسٹ ایڈ ڈیسک آمد ایگزٹ کے قریب موجود ہے اور عملہ تعینات رہتا ہے۔ ہنگامی صورتحال میں فوری طور پر عملہ کو مطلع کریں یا انفارمیشن ڈیسک سے رابطہ کریں۔ غیر ہنگامی طبی ضروریات کے لیے قریبی کلینک تک نقل کی سہولت ممکن ہے۔,Urdu
150,medical,آرائیول ایریا میں میڈیکل ڈیسک ہے؟,arrival_guidance,اسلام آباد انٹرنیشنل ائیرپورٹ (ISB),فرسٹ ایڈ ڈیسک آمد ایگزٹ کے قریب موجود ہے اور عملہ تعینات رہتا ہے۔ ہنگامی صورتحال میں فوری طور پر عملہ کو مطلع کریں یا انفارمیشن ڈیسک سے رابطہ کریں۔ غیر ہنگامی طبی ضروریات کے لیے قریبی کلینک تک نقل کی سہولت ممکن ہے۔,Urdu
151,medical,لینڈنگ کے بعد طبی ہنگامی صورت میں کیا کرنا چاہئے؟,arrival_guidance,اسلام آباد انٹرنیشنل ائیرپورٹ (ISB),فرسٹ ایڈ ڈیسک آمد ایگزٹ کے قریب موجود ہے اور عملہ تعینات رہتا ہے۔ ہنگامی صورتحال میں فوری طور پر عملہ کو مطلع کریں یا انفارمیشن ڈیسک سے رابطہ کریں۔ غیر ہنگامی طبی ضروریات کے لیے قریبی کلینک تک نقل کی سہولت ممکن ہے۔,Urdu
152,medical,آرائیول ایریا میں میڈیکل ڈیسک ہے؟,arrival_guidance,اسلام آباد انٹرنیشنل ائیرپورٹ (ISB),فرسٹ ایڈ ڈیسک آمد ایگزٹ کے قریب موجود ہے اور عملہ تعینات رہتا ہے۔ ہنگامی صورتحال میں فوری طور پر عملہ کو مطلع کریں یا انفارمیشن ڈیسک سے رابطہ کریں۔ غیر ہنگامی طبی ضروریات کے لیے قریبی کلینک تک نقل کی سہولت ممکن ہے۔,Urdu
153,currency,آرائیول ہال میں اے ٹی ایم دستیاب ہیں؟,arrival_guidance,اسلام آباد انٹرنیشنل ائیرپورٹ (ISB),کرنسی ایکسچینج کاؤنٹر اور اے ٹی ایم بیگج کلیم کے قریب اور آمد ایگزٹ کے پاس ہیں۔ زیادہ تر کاؤنٹر 24/7 دستیاب ہوتے ہیں؛ شرحیں کاؤنٹر پر چیک کریں۔ حفاظت کے لیے اندرونی اے ٹی ایم استعمال کریں۔,Urdu
154,currency,آمد پر کرنسی ایکسچینج کہاں ہے؟,arrival_guidance,اسلام آباد انٹرنیشنل ائیرپورٹ (ISB),کرنسی ایکسچینج کاؤنٹر اور اے ٹی ایم بیگج کلیم کے قریب اور آمد ایگزٹ کے پاس ہیں۔ زیادہ تر کاؤنٹر 24/7 دستیاب ہوتے ہیں؛ شرحیں کاؤنٹر پر چیک کریں۔ حفاظت کے لیے اندرونی اے ٹی ایم استعمال کریں۔,Urdu
155,currency,آمد پر کرنسی ایکسچینج کہاں ہے؟,arrival_guidance,اسلام آباد انٹرنیشنل ائیرپورٹ (ISB),کرنسی ایکسچینج کاؤنٹر اور اے ٹی ایم بیگج کلیم کے قریب اور آمد ایگزٹ کے پاس ہیں۔ زیادہ تر کاؤنٹر 24/7 دستیاب ہوتے ہیں؛ شرحیں کاؤنٹر پر چیک کریں۔ حفاظت کے لیے اندرونی اے ٹی ایم استعمال کریں۔,Urdu
156,currency,آمد پر کرنسی ایکسچینج کہاں ہے؟,arrival_guidance,اسلام آباد انٹرنیشنل ائیرپورٹ (ISB),کرنسی ایکسچینج کاؤنٹر اور اے ٹی ایم بیگج کلیم کے قریب اور آمد ایگزٹ کے پاس ہیں۔ زیادہ تر کاؤنٹر 24/7 دستیاب ہوتے ہیں؛ شرحیں کاؤنٹر پر چیک کریں۔ حفاظت کے لیے اندرونی اے ٹی ایم استعمال کریں۔,Urdu
157,currency,آمد پر کرنسی ایکسچینج کہاں ہے؟,arrival_guidance,اسلام آباد انٹرنیشنل ائیرپورٹ (ISB),کرنسی ایکسچینج کاؤنٹر اور اے ٹی ایم بیگج کلیم کے قریب اور آمد ایگزٹ کے پاس ہیں۔ زیادہ تر کاؤنٹر 24/7 دستیاب ہوتے ہیں؛ شرحیں کاؤنٹر پر چیک کریں۔ حفاظت کے لیے اندرونی اے ٹی ایم استعمال کریں۔,Urdu
158,currency,آرائیول ہال میں اے ٹی ایم دستیاب ہیں؟,arrival_guidance,اسلام آباد انٹرنیشنل ائیرپورٹ (ISB),کرنسی ایکسچینج کاؤنٹر اور اے ٹی ایم بیگج کلیم کے قریب اور آمد ایگزٹ کے پاس ہیں۔ زیادہ تر کاؤنٹر 24/7 دستیاب ہوتے ہیں؛ شرحیں کاؤنٹر پر چیک کریں۔ حفاظت کے لیے اندرونی اے ٹی ایم استعمال کریں۔,Urdu
159,currency,آمد پر کرنسی ایکسچینج کہاں ہے؟,arrival_guidance,اسلام آباد انٹرنیشنل ائیرپورٹ (ISB),کرنسی ایکسچینج کاؤنٹر اور اے ٹی ایم بیگج کلیم کے قریب اور آمد ایگزٹ کے پاس ہیں۔ زیادہ تر کاؤنٹر 24/7 دستیاب ہوتے ہیں؛ شرحیں کاؤنٹر پر چیک کریں۔ حفاظت کے لیے اندرونی اے ٹی ایم استعمال کریں۔,Urdu
160,currency,آرائیول ہال میں اے ٹی ایم دستیاب ہیں؟,arrival_guidance,اسلام آباد انٹرنیشنل ائیرپورٹ (ISB),کرنسی ایکسچینج کاؤنٹر اور اے ٹی ایم بیگج کلیم کے قریب اور آمد ایگزٹ کے پاس ہیں۔ زیادہ تر کاؤنٹر 24/7 دستیاب ہوتے ہیں؛ شرحیں کاؤنٹر پر چیک کریں۔ حفاظت کے لیے اندرونی اے ٹی ایم استعمال کریں۔,Urdu
161,currency,آرائیول ہال میں اے ٹی ایم دستیاب ہیں؟,arrival_guidance,اسلام آباد انٹرنیشنل ائیرپورٹ (ISB),کرنسی ایکسچینج کاؤنٹر اور اے ٹی ایم بیگج کلیم کے قریب اور آمد ایگزٹ کے پاس ہیں۔ زیادہ تر کاؤنٹر 24/7 دستیاب ہوتے ہیں؛ شرحیں کاؤنٹر پر چیک کریں۔ حفاظت کے لیے اندرونی اے ٹی ایم استعمال کریں۔,Urdu
162,currency,آمد پر کرنسی ایکسچینج کہاں ہے؟,arrival_guidance,اسلام آباد انٹرنیشنل ائیرپورٹ (ISB),کرنسی ایکسچینج کاؤنٹر اور اے ٹی ایم بیگج کلیم کے قریب اور آمد ایگزٹ کے پاس ہیں۔ زیادہ تر کاؤنٹر 24/7 دستیاب ہوتے ہیں؛ شرحیں کاؤنٹر پر چیک کریں۔ حفاظت کے لیے اندرونی اے ٹی ایم استعمال کریں۔,Urdu
163,currency,آرائیول ہال میں اے ٹی ایم دستیاب ہیں؟,arrival_guidance,اسلام آباد انٹرنیشنل ائیرپورٹ (ISB),کرنسی ایکسچینج کاؤنٹر اور اے ٹی ایم بیگج کلیم کے قریب اور آمد ایگزٹ کے پاس ہیں۔ زیادہ تر کاؤنٹر 24/7 دستیاب ہوتے ہیں؛ شرحیں کاؤنٹر پر چیک کریں۔ حفاظت کے لیے اندرونی اے ٹی ایم استعمال کریں۔,Urdu
164,currency,آمد پر کرنسی ایکسچینج کہاں ہے؟,arrival_guidance,اسلام آباد انٹرنیشنل ائیرپورٹ (ISB),کرنسی ایکسچینج کاؤنٹر اور اے ٹی ایم بیگج کلیم کے قریب اور آمد ایگزٹ کے پاس ہیں۔ زیادہ تر کاؤنٹر 24/7 دستیاب ہوتے ہیں؛ شرحیں کاؤنٹر پر چیک کریں۔ حفاظت کے لیے اندرونی اے ٹی ایم استعمال کریں۔,Urdu
165,currency,آرائیول ہال میں اے ٹی ایم دستیاب ہیں؟,arrival_guidance,اسلام آباد انٹرنیشنل ائیرپورٹ (ISB),کرنسی ایکسچینج کاؤنٹر اور اے ٹی ایم بیگج کلیم کے قریب اور آمد ایگزٹ کے پاس ہیں۔ زیادہ تر کاؤنٹر 24/7 دستیاب ہوتے ہیں؛ شرحیں کاؤنٹر پر چیک کریں۔ حفاظت کے لیے اندرونی اے ٹی ایم استعمال کریں۔,Urdu
166,currency,آرائیول ہال میں اے ٹی ایم دستیاب ہیں؟,arrival_guidance,اسلام آباد انٹرنیشنل ائیرپورٹ (ISB),کرنسی ایکسچینج کاؤنٹر اور اے ٹی ایم بیگج کلیم کے قریب اور آمد ایگزٹ کے پاس ہیں۔ زیادہ تر کاؤنٹر 24/7 دستیاب ہوتے ہیں؛ شرحیں کاؤنٹر پر چیک کریں۔ حفاظت کے لیے اندرونی اے ٹی ایم استعمال کریں۔,Urdu
167,currency,آمد پر کرنسی ایکسچینج کہاں ہے؟,arrival_guidance,اسلام آباد انٹرنیشنل ائیرپورٹ (ISB),کرنسی ایکسچینج کاؤنٹر اور اے ٹی ایم بیگج کلیم کے قریب اور آمد ایگزٹ کے پاس ہیں۔ زیادہ تر کاؤنٹر 24/7 دستیاب ہوتے ہیں؛ شرحیں کاؤنٹر پر چیک کریں۔ حفاظت کے لیے اندرونی اے ٹی ایم استعمال کریں۔,Urdu
168,currency,آرائیول ہال میں اے ٹی ایم دستیاب ہیں؟,arrival_guidance,اسلام آباد انٹرنیشنل ائیرپورٹ (ISB),کرنسی ایکسچینج کاؤنٹر اور اے ٹی ایم بیگج کلیم کے قریب اور آمد ایگزٹ کے پاس ہیں۔ زیادہ تر کاؤنٹر 24/7 دستیاب ہوتے ہیں؛ شرحیں کاؤنٹر پر چیک کریں۔ حفاظت کے لیے اندرونی اے ٹی ایم استعمال کریں۔,Urdu
169,currency,آمد پر کرنسی ایکسچینج کہاں ہے؟,arrival_guidance,اسلام آباد انٹرنیشنل ائیرپورٹ (ISB),کرنسی ایکسچینج کاؤنٹر اور اے ٹی ایم بیگج کلیم کے قریب اور آمد ایگزٹ کے پاس ہیں۔ زیادہ تر کاؤنٹر 24/7 دستیاب ہوتے ہیں؛ شرحیں کاؤنٹر پر چیک کریں۔ حفاظت کے لیے اندرونی اے ٹی ایم استعمال کریں۔,Urdu
170,currency,آرائیول ہال میں اے ٹی ایم دستیاب ہیں؟,arrival_guidance,اسلام آباد انٹرنیشنل ائیرپورٹ (ISB),کرنسی ایکسچینج کاؤنٹر اور اے ٹی ایم بیگج کلیم کے قریب اور آمد ایگزٹ کے پاس ہیں۔ زیادہ تر کاؤنٹر 24/7 دستیاب ہوتے ہیں؛ شرحیں کاؤنٹر پر چیک کریں۔ حفاظت کے لیے اندرونی اے ٹی ایم استعمال کریں۔,Urdu
171,currency,آرائیول ہال میں اے ٹی ایم دستیاب ہیں؟,arrival_guidance,اسلام آباد انٹرنیشنل ائیرپورٹ (ISB),کرنسی ایکسچینج کاؤنٹر اور اے ٹی ایم بیگج کلیم کے قریب اور آمد ایگزٹ کے پاس ہیں۔ زیادہ تر کاؤنٹر 24/7 دستیاب ہوتے ہیں؛ شرحیں کاؤنٹر پر چیک کریں۔ حفاظت کے لیے اندرونی اے ٹی ایم استعمال کریں۔,Urdu
172,food,آرائیول ایریا میں ریستورنٹس ہیں؟,arrival_guidance,اسلام آباد انٹرنیشنل ائیرپورٹ (ISB),آمد ہال میں کیفے اور ریستوران موجود ہیں جہاں ہلکا پھلکا کھانا اور مشروبات دستیاب ہیں۔ زیادہ تر دکانیں نائٹ فلائٹس کے دوران بھی سروس دیتی ہیں۔ حلال یا ویجیٹیرین آپشن کے لیے عملے سے دریافت کریں۔,Urdu
173,food,آرائیول ایریا میں ریستورنٹس ہیں؟,arrival_guidance,اسلام آباد انٹرنیشنل ائیرپورٹ (ISB),آمد ہال میں کیفے اور ریستوران موجود ہیں جہاں ہلکا پھلکا کھانا اور مشروبات دستیاب ہیں۔ زیادہ تر دکانیں نائٹ فلائٹس کے دوران بھی سروس دیتی ہیں۔ حلال یا ویجیٹیرین آپشن کے لیے عملے سے دریافت کریں۔,Urdu
174,food,کیا حلال کھانے کی سہولت موجود ہے؟,arrival_guidance,اسلام آباد انٹرنیشنل ائیرپورٹ (ISB),آمد ہال میں کیفے اور ریستوران موجود ہیں جہاں ہلکا پھلکا کھانا اور مشروبات دستیاب ہیں۔ زیادہ تر دکانیں نائٹ فلائٹس کے دوران بھی سروس دیتی ہیں۔ حلال یا ویجیٹیرین آپشن کے لیے عملے سے دریافت کریں۔,Urdu
175,food,آرائیول ایریا میں ریستورنٹس ہیں؟,arrival_guidance,اسلام آباد انٹرنیشنل ائیرپورٹ (ISB),آمد ہال میں کیفے اور ریستوران موجود ہیں جہاں ہلکا پھلکا کھانا اور مشروبات دستیاب ہیں۔ زیادہ تر دکانیں نائٹ فلائٹس کے دوران بھی سروس دیتی ہیں۔ حلال یا ویجیٹیرین آپشن کے لیے عملے سے دریافت کریں۔,Urdu
176,food,کیا حلال کھانے کی سہولت موجود ہے؟,arrival_guidance,اسلام آباد انٹرنیشنل ائیرپورٹ (ISB),آمد ہال میں کیفے اور ریستوران موجود ہیں جہاں ہلکا پھلکا کھانا اور مشروبات دستیاب ہیں۔ زیادہ تر دکانیں نائٹ فلائٹس کے دوران بھی سروس دیتی ہیں۔ حلال یا ویجیٹیرین آپشن کے لیے عملے سے دریافت کریں۔,Urdu
177,food,آرائیول ایریا میں ریستورنٹس ہیں؟,arrival_guidance,اسلام آباد انٹرنیشنل ائیرپورٹ (ISB),آمد ہال میں کیفے اور ریستوران موجود ہیں جہاں ہلکا پھلکا کھانا اور مشروبات دستیاب ہیں۔ زیادہ تر دکانیں نائٹ فلائٹس کے دوران بھی سروس دیتی ہیں۔ حلال یا ویجیٹیرین آپشن کے لیے عملے سے دریافت کریں۔,Urdu
178,food,کیا حلال کھانے کی سہولت موجود ہے؟,arrival_guidance,اسلام آباد انٹرنیشنل ائیرپورٹ (ISB),آمد ہال میں کیفے اور ریستوران موجود ہیں جہاں ہلکا پھلکا کھانا اور مشروبات دستیاب ہیں۔ زیادہ تر دکانیں نائٹ فلائٹس کے دوران بھی سروس دیتی ہیں۔ حلال یا ویجیٹیرین آپشن کے لیے عملے سے دریافت کریں۔,Urdu
179,food,آرائیول ایریا میں ریستورنٹس ہیں؟,arrival_guidance,اسلام آباد انٹرنیشنل ائیرپورٹ (ISB),آمد ہال میں کیفے اور ریستوران موجود ہیں جہاں ہلکا پھلکا کھانا اور مشروبات دستیاب ہیں۔ زیادہ تر دکانیں نائٹ فلائٹس کے دوران بھی سروس دیتی ہیں۔ حلال یا ویجیٹیرین آپشن کے لیے عملے سے دریافت کریں۔,Urdu
180,food,آرائیول ایریا میں ریستورنٹس ہیں؟,arrival_guidance,اسلام آباد انٹرنیشنل ائیرپورٹ (ISB),آمد ہال میں کیفے اور ریستوران موجود ہیں جہاں ہلکا پھلکا کھانا اور مشروبات دستیاب ہیں۔ زیادہ تر دکانیں نائٹ فلائٹس کے دوران بھی سروس دیتی ہیں۔ حلال یا ویجیٹیرین آپشن کے لیے عملے سے دریافت کریں۔,Urdu
181,food,کیا حلال کھانے کی سہولت موجود ہے؟,arrival_guidance,اسلام آباد انٹرنیشنل ائیرپورٹ (ISB),آمد ہال میں کیفے اور ریستوران موجود ہیں جہاں ہلکا پھلکا کھانا اور مشروبات دستیاب ہیں۔ زیادہ تر دکانیں نائٹ فلائٹس کے دوران بھی سروس دیتی ہیں۔ حلال یا ویجیٹیرین آپشن کے لیے عملے سے دریافت کریں۔,Urdu
182,food,کیا حلال کھانے کی سہولت موجود ہے؟,arrival_guidance,اسلام آباد انٹرنیشنل ائیرپورٹ (ISB),آمد ہال میں کیفے اور ریستوران موجود ہیں جہاں ہلکا پھلکا کھانا اور مشروبات دستیاب ہیں۔ زیادہ تر دکانیں نائٹ فلائٹس کے دوران بھی سروس دیتی ہیں۔ حلال یا ویجیٹیرین آپشن کے لیے عملے سے دریافت کریں۔,Urdu
183,food,کیا حلال کھانے کی سہولت موجود ہے؟,arrival_guidance,اسلام آباد انٹرنیشنل ائیرپورٹ (ISB),آمد ہال میں کیفے اور ریستوران موجود ہیں جہاں ہلکا پھلکا کھانا اور مشروبات دستیاب ہیں۔ زیادہ تر دکانیں نائٹ فلائٹس کے دوران بھی سروس دیتی ہیں۔ حلال یا ویجیٹیرین آپشن کے لیے عملے سے دریافت کریں۔,Urdu
184,food,آرائیول ایریا میں ریستورنٹس ہیں؟,arrival_guidance,اسلام آباد انٹرنیشنل ائیرپورٹ (ISB),آمد ہال میں کیفے اور ریستوران موجود ہیں جہاں ہلکا پھلکا کھانا اور مشروبات دستیاب ہیں۔ زیادہ تر دکانیں نائٹ فلائٹس کے دوران بھی سروس دیتی ہیں۔ حلال یا ویجیٹیرین آپشن کے لیے عملے سے دریافت کریں۔,Urdu
185,food,کیا حلال کھانے کی سہولت موجود ہے؟,arrival_guidance,اسلام آباد انٹرنیشنل ائیرپورٹ (ISB),آمد ہال میں کیفے اور ریستوران موجود ہیں جہاں ہلکا پھلکا کھانا اور مشروبات دستیاب ہیں۔ زیادہ تر دکانیں نائٹ فلائٹس کے دوران بھی سروس دیتی ہیں۔ حلال یا ویجیٹیرین آپشن کے لیے عملے سے دریافت کریں۔,Urdu
186,food,کیا حلال کھانے کی سہولت موجود ہے؟,arrival_guidance,اسلام آباد انٹرنیشنل ائیرپورٹ (ISB),آمد ہال میں کیفے اور ریستوران موجود ہیں جہاں ہلکا پھلکا کھانا اور مشروبات دستیاب ہیں۔ زیادہ تر دکانیں نائٹ فلائٹس کے دوران بھی سروس دیتی ہیں۔ حلال یا ویجیٹیرین آپشن کے لیے عملے سے دریافت کریں۔,Urdu
187,food,آرائیول ایریا میں ریستورنٹس ہیں؟,arrival_guidance,اسلام آباد انٹرنیشنل ائیرپورٹ (ISB),آمد ہال میں کیفے اور ریستوران موجود ہیں جہاں ہلکا پھلکا کھانا اور مشروبات دستیاب ہیں۔ زیادہ تر دکانیں نائٹ فلائٹس کے دوران بھی سروس دیتی ہیں۔ حلال یا ویجیٹیرین آپشن کے لیے عملے سے دریافت کریں۔,Urdu
188,food,کیا حلال کھانے کی سہولت موجود ہے؟,arrival_guidance,اسلام آباد انٹرنیشنل ائیرپورٹ (ISB),آمد ہال میں کیفے اور ریستوران موجود ہیں جہاں ہلکا پھلکا کھانا اور مشروبات دستیاب ہیں۔ زیادہ تر دکانیں نائٹ فلائٹس کے دوران بھی سروس دیتی ہیں۔ حلال یا ویجیٹیرین آپشن کے لیے عملے سے دریافت کریں۔,Urdu
189,food,آرائیول ایریا میں ریستورنٹس ہیں؟,arrival_guidance,اسلام آباد انٹرنیشنل ائیرپورٹ (ISB),آمد ہال میں کیفے اور ریستوران موجود ہیں جہاں ہلکا پھلکا کھانا اور مشروبات دستیاب ہیں۔ زیادہ تر دکانیں نائٹ فلائٹس کے دوران بھی سروس دیتی ہیں۔ حلال یا ویجیٹیرین آپشن کے لیے عملے سے دریافت کریں۔,Urdu
190,food,آرائیول ایریا میں ریستورنٹس ہیں؟,arrival_guidance,اسلام آباد انٹرنیشنل ائیرپورٹ (ISB),آمد ہال میں کیفے اور ریستوران موجود ہیں جہاں ہلکا پھلکا کھانا اور مشروبات دستیاب ہیں۔ زیادہ تر دکانیں نائٹ فلائٹس کے دوران بھی سروس دیتی ہیں۔ حلال یا ویجیٹیرین آپشن کے لیے عملے سے دریافت کریں۔,Urdu
191,wifi,اسلام آباد ائیرپورٹ پر وائی فائی کیسے حاصل کریں؟,arrival_guidance,اسلام آباد انٹرنیشنل ائیرپورٹ (ISB),مفت Wi‑Fi عوامی علاقوں میں دستیاب ہے؛ 'ISB_Free_WiFi' سے کنیکٹ کریں۔ لوکل سم کاؤنٹر آمد ایگزٹ کے قریب ہیں۔ کنیکٹیویٹی مسائل کے لیے انفارمیشن ڈیسک سے رابطہ کریں۔,Urdu
192,wifi,آمد کے بعد لوکل سم کہاں سے خریدیں؟,arrival_guidance,اسلام آباد انٹرنیشنل ائیرپورٹ (ISB),مفت Wi‑Fi عوامی علاقوں میں دستیاب ہے؛ 'ISB_Free_WiFi' سے کنیکٹ کریں۔ لوکل سم کاؤنٹر آمد ایگزٹ کے قریب ہیں۔ کنیکٹیویٹی مسائل کے لیے انفارمیشن ڈیسک سے رابطہ کریں۔,Urdu
193,wifi,اسلام آباد ائیرپورٹ پر وائی فائی کیسے حاصل کریں؟,arrival_guidance,اسلام آباد انٹرنیشنل ائیرپورٹ (ISB),مفت Wi‑Fi عوامی علاقوں میں دستیاب ہے؛ 'ISB_Free_WiFi' سے کنیکٹ کریں۔ لوکل سم کاؤنٹر آمد ایگزٹ کے قریب ہیں۔ کنیکٹیویٹی مسائل کے لیے انفارمیشن ڈیسک سے رابطہ کریں۔,Urdu
194,wifi,اسلام آباد ائیرپورٹ پر وائی فائی کیسے حاصل کریں؟,arrival_guidance,اسلام آباد انٹرنیشنل ائیرپورٹ (ISB),مفت Wi‑Fi عوامی علاقوں میں دستیاب ہے؛ 'ISB_Free_WiFi' سے کنیکٹ کریں۔ لوکل سم کاؤنٹر آمد ایگزٹ کے قریب ہیں۔ کنیکٹیویٹی مسائل کے لیے انفارمیشن ڈیسک سے رابطہ کریں۔,Urdu
195,wifi,اسلام آباد ائیرپورٹ پر وائی فائی کیسے حاصل کریں؟,arrival_guidance,اسلام آباد انٹرنیشنل ائیرپورٹ (ISB),مفت Wi‑Fi عوامی علاقوں میں دستیاب ہے؛ 'ISB_Free_WiFi' سے کنیکٹ کریں۔ لوکل سم کاؤنٹر آمد ایگزٹ کے قریب ہیں۔ کنیکٹیویٹی مسائل کے لیے انفارمیشن ڈیسک سے رابطہ کریں۔,Urdu
196,wifi,اسلام آباد ائیرپورٹ پر وائی فائی کیسے حاصل کریں؟,arrival_guidance,اسلام آباد انٹرنیشنل ائیرپورٹ (ISB),مفت Wi‑Fi عوامی علاقوں میں دستیاب ہے؛ 'ISB_Free_WiFi' سے کنیکٹ کریں۔ لوکل سم کاؤنٹر آمد ایگزٹ کے قریب ہیں۔ کنیکٹیویٹی مسائل کے لیے انفارمیشن ڈیسک سے رابطہ کریں۔,Urdu
197,wifi,آمد کے بعد لوکل سم کہاں سے خریدیں؟,arrival_guidance,اسلام آباد انٹرنیشنل ائیرپورٹ (ISB),مفت Wi‑Fi عوامی علاقوں میں دستیاب ہے؛ 'ISB_Free_WiFi' سے کنیکٹ کریں۔ لوکل سم کاؤنٹر آمد ایگزٹ کے قریب ہیں۔ کنیکٹیویٹی مسائل کے لیے انفارمیشن ڈیسک سے رابطہ کریں۔,Urdu
198,wifi,اسلام آباد ائیرپورٹ پر وائی فائی کیسے حاصل کریں؟,arrival_guidance,اسلام آباد انٹرنیشنل ائیرپورٹ (ISB),مفت Wi‑Fi عوامی علاقوں میں دستیاب ہے؛ 'ISB_Free_WiFi' سے کنیکٹ کریں۔ لوکل سم کاؤنٹر آمد ایگزٹ کے قریب ہیں۔ کنیکٹیویٹی مسائل کے لیے انفارمیشن ڈیسک سے رابطہ کریں۔,Urdu
199,wifi,اسلام آباد ائیرپورٹ پر وائی فائی کیسے حاصل کریں؟,arrival_guidance,اسلام آباد انٹرنیشنل ائیرپورٹ (ISB),مفت Wi‑Fi عوامی علاقوں میں دستیاب ہے؛ 'ISB_Free_WiFi' سے کنیکٹ کریں۔ لوکل سم کاؤنٹر آمد ایگزٹ کے قریب ہیں۔ کنیکٹیویٹی مسائل کے لیے انفارمیشن ڈیسک سے رابطہ کریں۔,Urdu
200,wifi,آمد کے بعد لوکل سم کہاں سے خریدیں؟,arrival_guidance,اسلام آباد انٹرنیشنل ائیرپورٹ (ISB),مفت Wi‑Fi عوامی علاقوں میں دستیاب ہے؛ 'ISB_Free_WiFi' سے کنیکٹ کریں۔ لوکل سم کاؤنٹر آمد ایگزٹ کے قریب ہیں۔ کنیکٹیویٹی مسائل کے لیے انفارمیشن ڈیسک سے رابطہ کریں۔,Urdu
201,wifi,اسلام آباد ائیرپورٹ پر وائی فائی کیسے حاصل کریں؟,arrival_guidance,اسلام آباد انٹرنیشنل ائیرپورٹ (ISB),مفت Wi‑Fi عوامی علاقوں میں دستیاب ہے؛ 'ISB_Free_WiFi' سے کنیکٹ کریں۔ لوکل سم کاؤنٹر آمد ایگزٹ کے قریب ہیں۔ کنیکٹیویٹی مسائل کے لیے انفارمیشن ڈیسک سے رابطہ کریں۔,Urdu
202,wifi,آمد کے بعد لوکل سم کہاں سے خریدیں؟,arrival_guidance,اسلام آباد انٹرنیشنل ائیرپورٹ (ISB),مفت Wi‑Fi عوامی علاقوں میں دستیاب ہے؛ 'ISB_Free_WiFi' سے کنیکٹ کریں۔ لوکل سم کاؤنٹر آمد ایگزٹ کے قریب ہیں۔ کنیکٹیویٹی مسائل کے لیے انفارمیشن ڈیسک سے رابطہ کریں۔,Urdu
203,wifi,آمد کے بعد لوکل سم کہاں سے خریدیں؟,arrival_guidance,اسلام آباد انٹرنیشنل ائیرپورٹ (ISB),مفت Wi‑Fi عوامی علاقوں میں دستیاب ہے؛ 'ISB_Free_WiFi' سے کنیکٹ کریں۔ لوکل سم کاؤنٹر آمد ایگزٹ کے قریب ہیں۔ کنیکٹیویٹی مسائل کے لیے انفارمیشن ڈیسک سے رابطہ کریں۔,Urdu
204,wifi,آمد کے بعد لوکل سم کہاں سے خریدیں؟,arrival_guidance,اسلام آباد انٹرنیشنل ائیرپورٹ (ISB),مفت Wi‑Fi عوامی علاقوں میں دستیاب ہے؛ 'ISB_Free_WiFi' سے کنیکٹ کریں۔ لوکل سم کاؤنٹر آمد ایگزٹ کے قریب ہیں۔ کنیکٹیویٹی مسائل کے لیے انفارمیشن ڈیسک سے رابطہ کریں۔,Urdu
205,wifi,اسلام آباد ائیرپورٹ پر وائی فائی کیسے حاصل کریں؟,arrival_guidance,اسلام آباد انٹرنیشنل ائیرپورٹ (ISB),مفت Wi‑Fi عوامی علاقوں میں دستیاب ہے؛ 'ISB_Free_WiFi' سے کنیکٹ کریں۔ لوکل سم کاؤنٹر آمد ایگزٹ کے قریب ہیں۔ کنیکٹیویٹی مسائل کے لیے انفارمیشن ڈیسک سے رابطہ کریں۔,Urdu
206,wifi,اسلام آباد ائیرپورٹ پر وائی فائی کیسے حاصل کریں؟,arrival_guidance,اسلام آباد انٹرنیشنل ائیرپورٹ (ISB),مفت Wi‑Fi عوامی علاقوں میں دستیاب ہے؛ 'ISB_Free_WiFi' سے کنیکٹ کریں۔ لوکل سم کاؤنٹر آمد ایگزٹ کے قریب ہیں۔ کنیکٹیویٹی مسائل کے لیے انفارمیشن ڈیسک سے رابطہ کریں۔,Urdu
207,wifi,اسلام آباد ائیرپورٹ پر وائی فائی کیسے حاصل کریں؟,arrival_guidance,اسلام آباد انٹرنیشنل ائیرپورٹ (ISB),مفت Wi‑Fi عوامی علاقوں میں دستیاب ہے؛ 'ISB_Free_WiFi' سے کنیکٹ کریں۔ لوکل سم کاؤنٹر آمد ایگزٹ کے قریب ہیں۔ کنیکٹیویٹی مسائل کے لیے انفارمیشن ڈیسک سے رابطہ کریں۔,Urdu
208,wifi,اسلام آباد ائیرپورٹ پر وائی فائی کیسے حاصل کریں؟,arrival_guidance,اسلام آباد انٹرنیشنل ائیرپورٹ (ISB),مفت Wi‑Fi عوامی علاقوں میں دستیاب ہے؛ 'ISB_Free_WiFi' سے کنیکٹ کریں۔ لوکل سم کاؤنٹر آمد ایگزٹ کے قریب ہیں۔ کنیکٹیویٹی مسائل کے لیے انفارمیشن ڈیسک سے رابطہ کریں۔,Urdu
209,wifi,آمد کے بعد لوکل سم کہاں سے خریدیں؟,arrival_guidance,اسلام آباد انٹرنیشنل ائیرپورٹ (ISB),مفت Wi‑Fi عوامی علاقوں میں دستیاب ہے؛ 'ISB_Free_WiFi' سے کنیکٹ کریں۔ لوکل سم کاؤنٹر آمد ایگزٹ کے قریب ہیں۔ کنیکٹیویٹی مسائل کے لیے انفارمیشن ڈیسک سے رابطہ کریں۔,Urdu
210,lost_found,اگر میرا سامان گم ہو جائے تو رپورٹ کہاں کروں؟,arrival_guidance,اسلام آباد انٹرنیشنل ائیرپورٹ (ISB),گمشدہ آئٹمز کی رپورٹنگ کے لیے Lost & Found ڈیسک Carousel 4 کے نزدیک موجود ہے۔ عملہ آپ کی تفصیلات درج کر کے ریفرنس نمبر جاری کرے گا۔ فوری آئٹمز جیسے پاسپورٹ کے لیے فوراً اطلاع کریں۔,Urdu
211,lost_found,جہاز پر چھوٹا ہوا سامان کیسے رپورٹ کیا جائے؟,arrival_guidance,اسلام آباد انٹرنیشنل ائیرپورٹ (ISB),گمشدہ آئٹمز کی رپورٹنگ کے لیے Lost & Found ڈیسک Carousel 4 کے نزدیک موجود ہے۔ عملہ آپ کی تفصیلات درج کر کے ریفرنس نمبر جاری کرے گا۔ فوری آئٹمز جیسے پاسپورٹ کے لیے فوراً اطلاع کریں۔,Urdu
212,lost_found,اگر میرا سامان گم ہو جائے تو رپورٹ کہاں کروں؟,arrival_guidance,اسلام آباد انٹرنیشنل ائیرپورٹ (ISB),گمشدہ آئٹمز کی رپورٹنگ کے لیے Lost & Found ڈیسک Carousel 4 کے نزدیک موجود ہے۔ عملہ آپ کی تفصیلات درج کر کے ریفرنس نمبر جاری کرے گا۔ فوری آئٹمز جیسے پاسپورٹ کے لیے فوراً اطلاع کریں۔,Urdu
213,lost_found,اگر میرا سامان گم ہو جائے تو رپورٹ کہاں کروں؟,arrival_guidance,اسلام آباد انٹرنیشنل ائیرپورٹ (ISB),گمشدہ آئٹمز کی رپورٹنگ کے لیے Lost & Found ڈیسک Carousel 4 کے نزدیک موجود ہے۔ عملہ آپ کی تفصیلات درج کر کے ریفرنس نمبر جاری کرے گا۔ فوری آئٹمز جیسے پاسپورٹ کے لیے فوراً اطلاع کریں۔,Urdu
214,lost_found,جہاز پر چھوٹا ہوا سامان کیسے رپورٹ کیا جائے؟,arrival_guidance,اسلام آباد انٹرنیشنل ائیرپورٹ (ISB),گمشدہ آئٹمز کی رپورٹنگ کے لیے Lost & Found ڈیسک Carousel 4 کے نزدیک موجود ہے۔ عملہ آپ کی تفصیلات درج کر کے ریفرنس نمبر جاری کرے گا۔ فوری آئٹمز جیسے پاسپورٹ کے لیے فوراً اطلاع کریں۔,Urdu
215,lost_found,جہاز پر چھوٹا ہوا سامان کیسے رپورٹ کیا جائے؟,arrival_guidance,اسلام آباد انٹرنیشنل ائیرپورٹ (ISB),گمشدہ آئٹمز کی رپورٹنگ کے لیے Lost & Found ڈیسک Carousel 4 کے نزدیک موجود ہے۔ عملہ آپ کی تفصیلات درج کر کے ریفرنس نمبر جاری کرے گا۔ فوری آئٹمز جیسے پاسپورٹ کے لیے فوراً اطلاع کریں۔,Urdu
216,lost_found,جہاز پر چھوٹا ہوا سامان کیسے رپورٹ کیا جائے؟,arrival_guidance,اسلام آباد انٹرنیشنل ائیرپورٹ (ISB),گمشدہ آئٹمز کی رپورٹنگ کے لیے Lost & Found ڈیسک Carousel 4 کے نزدیک موجود ہے۔ عملہ آپ کی تفصیلات درج کر کے ریفرنس نمبر جاری کرے گا۔ فوری آئٹمز جیسے پاسپورٹ کے لیے فوراً اطلاع کریں۔,Urdu
217,lost_found,اگر میرا سامان گم ہو جائے تو رپورٹ کہاں کروں؟,arrival_guidance,اسلام آباد انٹرنیشنل ائیرپورٹ (ISB),گمشدہ آئٹمز کی رپورٹنگ کے لیے Lost & Found ڈیسک Carousel 4 کے نزدیک موجود ہے۔ عملہ آپ کی تفصیلات درج کر کے ریفرنس نمبر جاری کرے گا۔ فوری آئٹمز جیسے پاسپورٹ کے لیے فوراً اطلاع کریں۔,Urdu
218,lost_found,جہاز پر چھوٹا ہوا سامان کیسے رپورٹ کیا جائے؟,arrival_guidance,اسلام آباد انٹرنیشنل ائیرپورٹ (ISB),گمشدہ آئٹمز کی رپورٹنگ کے لیے Lost & Found ڈیسک Carousel 4 کے نزدیک موجود ہے۔ عملہ آپ کی تفصیلات درج کر کے ریفرنس نمبر جاری کرے گا۔ فوری آئٹمز جیسے پاسپورٹ کے لیے فوراً اطلاع کریں۔,Urdu
219,lost_found,جہاز پر چھوٹا ہوا سامان کیسے رپورٹ کیا جائے؟,arrival_guidance,اسلام آباد انٹرنیشنل ائیرپورٹ (ISB),گمشدہ آئٹمز کی رپورٹنگ کے لیے Lost & Found ڈیسک Carousel 4 کے نزدیک موجود ہے۔ عملہ آپ کی تفصیلات درج کر کے ریفرنس نمبر جاری کرے گا۔ فوری آئٹمز جیسے پاسپورٹ کے لیے فوراً اطلاع کریں۔,Urdu
220,lost_found,جہاز پر چھوٹا ہوا سامان کیسے رپورٹ کیا جائے؟,arrival_guidance,اسلام آباد انٹرنیشنل ائیرپورٹ (ISB),گمشدہ آئٹمز کی رپورٹنگ کے لیے Lost & Found ڈیسک Carousel 4 کے نزدیک موجود ہے۔ عملہ آپ کی تفصیلات درج کر کے ریفرنس نمبر جاری کرے گا۔ فوری آئٹمز جیسے پاسپورٹ کے لیے فوراً اطلاع کریں۔,Urdu
221,lost_found,اگر میرا سامان گم ہو جائے تو رپورٹ کہاں کروں؟,arrival_guidance,اسلام آباد انٹرنیشنل ائیرپورٹ (ISB),گمشدہ آئٹمز کی رپورٹنگ کے لیے Lost & Found ڈیسک Carousel 4 کے نزدیک موجود ہے۔ عملہ آپ کی تفصیلات درج کر کے ریفرنس نمبر جاری کرے گا۔ فوری آئٹمز جیسے پاسپورٹ کے لیے فوراً اطلاع کریں۔,Urdu
222,lost_found,جہاز پر چھوٹا ہوا سامان کیسے رپورٹ کیا جائے؟,arrival_guidance,اسلام آباد انٹرنیشنل ائیرپورٹ (ISB),گمشدہ آئٹمز کی رپورٹنگ کے لیے Lost & Found ڈیسک Carousel 4 کے نزدیک موجود ہے۔ عملہ آپ کی تفصیلات درج کر کے ریفرنس نمبر جاری کرے گا۔ فوری آئٹمز جیسے پاسپورٹ کے لیے فوراً اطلاع کریں۔,Urdu
223,lost_found,جہاز پر چھوٹا ہوا سامان کیسے رپورٹ کیا جائے؟,arrival_guidance,اسلام آباد انٹرنیشنل ائیرپورٹ (ISB),گمشدہ آئٹمز کی رپورٹنگ کے لیے Lost & Found ڈیسک Carousel 4 کے نزدیک موجود ہے۔ عملہ آپ کی تفصیلات درج کر کے ریفرنس نمبر جاری کرے گا۔ فوری آئٹمز جیسے پاسپورٹ کے لیے فوراً اطلاع کریں۔,Urdu
224,lost_found,جہاز پر چھوٹا ہوا سامان کیسے رپورٹ کیا جائے؟,arrival_guidance,اسلام آباد انٹرنیشنل ائیرپورٹ (ISB),گمشدہ آئٹمز کی رپورٹنگ کے لیے Lost & Found ڈیسک Carousel 4 کے نزدیک موجود ہے۔ عملہ آپ کی تفصیلات درج کر کے ریفرنس نمبر جاری کرے گا۔ فوری آئٹمز جیسے پاسپورٹ کے لیے فوراً اطلاع کریں۔,Urdu
225,lost_found,جہاز پر چھوٹا ہوا سامان کیسے رپورٹ کیا جائے؟,arrival_guidance,اسلام آباد انٹرنیشنل ائیرپورٹ (ISB),گمشدہ آئٹمز کی رپورٹنگ کے لیے Lost & Found ڈیسک Carousel 4 کے نزدیک موجود ہے۔ عملہ آپ کی تفصیلات درج کر کے ریفرنس نمبر جاری کرے گا۔ فوری آئٹمز جیسے پاسپورٹ کے لیے فوراً اطلاع کریں۔,Urdu
226,lost_found,جہاز پر چھوٹا ہوا سامان کیسے رپورٹ کیا جائے؟,arrival_guidance,اسلام آباد انٹرنیشنل ائیرپورٹ (ISB),گمشدہ آئٹمز کی رپورٹنگ کے لیے Lost & Found ڈیسک Carousel 4 کے نزدیک موجود ہے۔ عملہ آپ کی تفصیلات درج کر کے ریفرنس نمبر جاری کرے گا۔ فوری آئٹمز جیسے پاسپورٹ کے لیے فوراً اطلاع کریں۔,Urdu
227,lost_found,اگر میرا سامان گم ہو جائے تو رپورٹ کہاں کروں؟,arrival_guidance,اسلام آباد انٹرنیشنل ائیرپورٹ (ISB),گمشدہ آئٹمز کی رپورٹنگ کے لیے Lost & Found ڈیسک Carousel 4 کے نزدیک موجود ہے۔ عملہ آپ کی تفصیلات درج کر کے ریفرنس نمبر جاری کرے گا۔ فوری آئٹمز جیسے پاسپورٹ کے لیے فوراً اطلاع کریں۔,Urdu
228,lost_found,جہاز پر چھوٹا ہوا سامان کیسے رپورٹ کیا جائے؟,arrival_guidance,اسلام آباد انٹرنیشنل ائیرپورٹ (ISB),گمشدہ آئٹمز کی رپورٹنگ کے لیے Lost & Found ڈیسک Carousel 4 کے نزدیک موجود ہے۔ عملہ آپ کی تفصیلات درج کر کے ریفرنس نمبر جاری کرے گا۔ فوری آئٹمز جیسے پاسپورٹ کے لیے فوراً اطلاع کریں۔,Urdu
229,parking,کیا آمد کے قریب شارٹ اسٹے پارکنگ دستیاب ہے؟,arrival_guidance,اسلام آباد انٹرنیشنل ائیرپورٹ (ISB),شارٹ اسٹے پارکنگ arrivals forecourt کے ساتھ دستیاب ہے؛ 'Short Stay Parking' کے نشانات دیکھیں۔ طویل مدت پارکنگ شٹل کے ساتھ تھوڑا فاصلے پر ہے۔ براہِ کرم مخصوص پِک اپ زون استعمال کریں تاکہ ٹریفک بہتر رہے۔,Urdu
230,parking,اگر میں کسی کو اٹھانے کیلئے پارک کرنا چاہوں تو کہاں پارک کروں؟,arrival_guidance,اسلام آباد انٹرنیشنل ائیرپورٹ (ISB),شارٹ اسٹے پارکنگ arrivals forecourt کے ساتھ دستیاب ہے؛ 'Short Stay Parking' کے نشانات دیکھیں۔ طویل مدت پارکنگ شٹل کے ساتھ تھوڑا فاصلے پر ہے۔ براہِ کرم مخصوص پِک اپ زون استعمال کریں تاکہ ٹریفک بہتر رہے۔,Urdu
231,parking,اگر میں کسی کو اٹھانے کیلئے پارک کرنا چاہوں تو کہاں پارک کروں؟,arrival_guidance,اسلام آباد انٹرنیشنل ائیرپورٹ (ISB),شارٹ اسٹے پارکنگ arrivals forecourt کے ساتھ دستیاب ہے؛ 'Short Stay Parking' کے نشانات دیکھیں۔ طویل مدت پارکنگ شٹل کے ساتھ تھوڑا فاصلے پر ہے۔ براہِ کرم مخصوص پِک اپ زون استعمال کریں تاکہ ٹریفک بہتر رہے۔,Urdu
232,parking,کیا آمد کے قریب شارٹ اسٹے پارکنگ دستیاب ہے؟,arrival_guidance,اسلام آباد انٹرنیشنل ائیرپورٹ (ISB),شارٹ اسٹے پارکنگ arrivals forecourt کے ساتھ دستیاب ہے؛ 'Short Stay Parking' کے نشانات دیکھیں۔ طویل مدت پارکنگ شٹل کے ساتھ تھوڑا فاصلے پر ہے۔ براہِ کرم مخصوص پِک اپ زون استعمال کریں تاکہ ٹریفک بہتر رہے۔,Urdu
233,parking,اگر میں کسی کو اٹھانے کیلئے پارک کرنا چاہوں تو کہاں پارک کروں؟,arrival_guidance,اسلام آباد انٹرنیشنل ائیرپورٹ (ISB),شارٹ اسٹے پارکنگ arrivals forecourt کے ساتھ دستیاب ہے؛ 'Short Stay Parking' کے نشانات دیکھیں۔ طویل مدت پارکنگ شٹل کے ساتھ تھوڑا فاصلے پر ہے۔ براہِ کرم مخصوص پِک اپ زون استعمال کریں تاکہ ٹریفک بہتر رہے۔,Urdu
234,parking,اگر میں کسی کو اٹھانے کیلئے پارک کرنا چاہوں تو کہاں پارک کروں؟,arrival_guidance,اسلام آباد انٹرنیشنل ائیرپورٹ (ISB),شارٹ اسٹے پارکنگ arrivals forecourt کے ساتھ دستیاب ہے؛ 'Short Stay Parking' کے نشانات دیکھیں۔ طویل مدت پارکنگ شٹل کے ساتھ تھوڑا فاصلے پر ہے۔ براہِ کرم مخصوص پِک اپ زون استعمال کریں تاکہ ٹریفک بہتر رہے۔,Urdu
235,parking,اگر میں کسی کو اٹھانے کیلئے پارک کرنا چاہوں تو کہاں پارک کروں؟,arrival_guidance,اسلام آباد انٹرنیشنل ائیرپورٹ (ISB),شارٹ اسٹے پارکنگ arrivals forecourt کے ساتھ دستیاب ہے؛ 'Short Stay Parking' کے نشانات دیکھیں۔ طویل مدت پارکنگ شٹل کے ساتھ تھوڑا فاصلے پر ہے۔ براہِ کرم مخصوص پِک اپ زون استعمال کریں تاکہ ٹریفک بہتر رہے۔,Urdu
236,parking,اگر میں کسی کو اٹھانے کیلئے پارک کرنا چاہوں تو کہاں پارک کروں؟,arrival_guidance,اسلام آباد انٹرنیشنل ائیرپورٹ (ISB),شارٹ اسٹے پارکنگ arrivals forecourt کے ساتھ دستیاب ہے؛ 'Short Stay Parking' کے نشانات دیکھیں۔ طویل مدت پارکنگ شٹل کے ساتھ تھوڑا فاصلے پر ہے۔ براہِ کرم مخصوص پِک اپ زون استعمال کریں تاکہ ٹریفک بہتر رہے۔,Urdu
237,parking,اگر میں کسی کو اٹھانے کیلئے پارک کرنا چاہوں تو کہاں پارک کروں؟,arrival_guidance,اسلام آباد انٹرنیشنل ائیرپورٹ (ISB),شارٹ اسٹے پارکنگ arrivals forecourt کے ساتھ دستیاب ہے؛ 'Short Stay Parking' کے نشانات دیکھیں۔ طویل مدت پارکنگ شٹل کے ساتھ تھوڑا فاصلے پر ہے۔ براہِ کرم مخصوص پِک اپ زون استعمال کریں تاکہ ٹریفک بہتر رہے۔,Urdu
238,parking,اگر میں کسی کو اٹھانے کیلئے پارک کرنا چاہوں تو کہاں پارک کروں؟,arrival_guidance,اسلام آباد انٹرنیشنل ائیرپورٹ (ISB),شارٹ اسٹے پارکنگ arrivals forecourt کے ساتھ دستیاب ہے؛ 'Short Stay Parking' کے نشانات دیکھیں۔ طویل مدت پارکنگ شٹل کے ساتھ تھوڑا فاصلے پر ہے۔ براہِ کرم مخصوص پِک اپ زون استعمال کریں تاکہ ٹریفک بہتر رہے۔,Urdu
239,parking,اگر میں کسی کو اٹھانے کیلئے پارک کرنا چاہوں تو کہاں پارک کروں؟,arrival_guidance,اسلام آباد انٹرنیشنل ائیرپورٹ (ISB),شارٹ اسٹے پارکنگ arrivals forecourt کے ساتھ دستیاب ہے؛ 'Short Stay Parking' کے نشانات دیکھیں۔ طویل مدت پارکنگ شٹل کے ساتھ تھوڑا فاصلے پر ہے۔ براہِ کرم مخصوص پِک اپ زون استعمال کریں تاکہ ٹریفک بہتر رہے۔,Urdu
240,parking,اگر میں کسی کو اٹھانے کیلئے پارک کرنا چاہوں تو کہاں پارک کروں؟,arrival_guidance,اسلام آباد انٹرنیشنل ائیرپورٹ (ISB),شارٹ اسٹے پارکنگ arrivals forecourt کے ساتھ دستیاب ہے؛ 'Short Stay Parking' کے نشانات دیکھیں۔ طویل مدت پارکنگ شٹل کے ساتھ تھوڑا فاصلے پر ہے۔ براہِ کرم مخصوص پِک اپ زون استعمال کریں تاکہ ٹریفک بہتر رہے۔,Urdu
241,parking,اگر میں کسی کو اٹھانے کیلئے پارک کرنا چاہوں تو کہاں پارک کروں؟,arrival_guidance,اسلام آباد انٹرنیشنل ائیرپورٹ (ISB),شارٹ اسٹے پارکنگ arrivals forecourt کے ساتھ دستیاب ہے؛ 'Short Stay Parking' کے نشانات دیکھیں۔ طویل مدت پارکنگ شٹل کے ساتھ تھوڑا فاصلے پر ہے۔ براہِ کرم مخصوص پِک اپ زون استعمال کریں تاکہ ٹریفک بہتر رہے۔,Urdu
242,parking,اگر میں کسی کو اٹھانے کیلئے پارک کرنا چاہوں تو کہاں پارک کروں؟,arrival_guidance,اسلام آباد انٹرنیشنل ائیرپورٹ (ISB),شارٹ اسٹے پارکنگ arrivals forecourt کے ساتھ دستیاب ہے؛ 'Short Stay Parking' کے نشانات دیکھیں۔ طویل مدت پارکنگ شٹل کے ساتھ تھوڑا فاصلے پر ہے۔ براہِ کرم مخصوص پِک اپ زون استعمال کریں تاکہ ٹریفک بہتر رہے۔,Urdu
243,parking,اگر میں کسی کو اٹھانے کیلئے پارک کرنا چاہوں تو کہاں پارک کروں؟,arrival_guidance,اسلام آباد انٹرنیشنل ائیرپورٹ (ISB),شارٹ اسٹے پارکنگ arrivals forecourt کے ساتھ دستیاب ہے؛ 'Short Stay Parking' کے نشانات دیکھیں۔ طویل مدت پارکنگ شٹل کے ساتھ تھوڑا فاصلے پر ہے۔ براہِ کرم مخصوص پِک اپ زون استعمال کریں تاکہ ٹریفک بہتر رہے۔,Urdu
244,parking,اگر میں کسی کو اٹھانے کیلئے پارک کرنا چاہوں تو کہاں پارک کروں؟,arrival_guidance,اسلام آباد انٹرنیشنل ائیرپورٹ (ISB),شارٹ اسٹے پارکنگ arrivals forecourt کے ساتھ دستیاب ہے؛ 'Short Stay Parking' کے نشانات دیکھیں۔ طویل مدت پارکنگ شٹل کے ساتھ تھوڑا فاصلے پر ہے۔ براہِ کرم مخصوص پِک اپ زون استعمال کریں تاکہ ٹریفک بہتر رہے۔,Urdu
245,parking,اگر میں کسی کو اٹھانے کیلئے پارک کرنا چاہوں تو کہاں پارک کروں؟,arrival_guidance,اسلام آباد انٹرنیشنل ائیرپورٹ (ISB),شارٹ اسٹے پارکنگ arrivals forecourt کے ساتھ دستیاب ہے؛ 'Short Stay Parking' کے نشانات دیکھیں۔ طویل مدت پارکنگ شٹل کے ساتھ تھوڑا فاصلے پر ہے۔ براہِ کرم مخصوص پِک اپ زون استعمال کریں تاکہ ٹریفک بہتر رہے۔,Urdu
246,parking,کیا آمد کے قریب شارٹ اسٹے پارکنگ دستیاب ہے؟,arrival_guidance,اسلام آباد انٹرنیشنل ائیرپورٹ (ISB),شارٹ اسٹے پارکنگ arrivals forecourt کے ساتھ دستیاب ہے؛ 'Short Stay Parking' کے نشانات دیکھیں۔ طویل مدت پارکنگ شٹل کے ساتھ تھوڑا فاصلے پر ہے۔ براہِ کرم مخصوص پِک اپ زون استعمال کریں تاکہ ٹریفک بہتر رہے۔,Urdu
247,information,آرائیول میں انفارمیشن ڈیسک کہاں ہے؟,arrival_guidance,اسلام آباد انٹرنیشنل ائیرپورٹ (ISB),انفارمیشن ڈیسک arrivals concourse کے مرکز میں واقع ہے اور دن بھر کام کرتا ہے۔ وہ فلائٹ معلومات، ڈائریکشنز اور سہولتوں کے رابطے فراہم کرتے ہیں۔ خصوصی مدد یا پرنٹ ہدایات کے لیے وہ فوری مدد کر سکتے ہیں۔,Urdu
248,information,اسلام آباد میں لینڈ کرنے پر عام مدد کیلئے کس سے رابطہ کریں؟,arrival_guidance,اسلام آباد انٹرنیشنل ائیرپورٹ (ISB),انفارمیشن ڈیسک arrivals concourse کے مرکز میں واقع ہے اور دن بھر کام کرتا ہے۔ وہ فلائٹ معلومات، ڈائریکشنز اور سہولتوں کے رابطے فراہم کرتے ہیں۔ خصوصی مدد یا پرنٹ ہدایات کے لیے وہ فوری مدد کر سکتے ہیں۔,Urdu
249,information,آرائیول میں انفارمیشن ڈیسک کہاں ہے؟,arrival_guidance,اسلام آباد انٹرنیشنل ائیرپورٹ (ISB),انفارمیشن ڈیسک arrivals concourse کے مرکز میں واقع ہے اور دن بھر کام کرتا ہے۔ وہ فلائٹ معلومات، ڈائریکشنز اور سہولتوں کے رابطے فراہم کرتے ہیں۔ خصوصی مدد یا پرنٹ ہدایات کے لیے وہ فوری مدد کر سکتے ہیں۔,Urdu
250,information,اسلام آباد میں لینڈ کرنے پر عام مدد کیلئے کس سے رابطہ کریں؟,arrival_guidance,اسلام آباد انٹرنیشنل ائیرپورٹ (ISB),انفارمیشن ڈیسک arrivals concourse کے مرکز میں واقع ہے اور دن بھر کام کرتا ہے۔ وہ فلائٹ معلومات، ڈائریکشنز اور سہولتوں کے رابطے فراہم کرتے ہیں۔ خصوصی مدد یا پرنٹ ہدایات کے لیے وہ فوری مدد کر سکتے ہیں۔,Urdu
251,information,آرائیول میں انفارمیشن ڈیسک کہاں ہے؟,arrival_guidance,اسلام آباد انٹرنیشنل ائیرپورٹ (ISB),انفارمیشن ڈیسک arrivals concourse کے مرکز میں واقع ہے اور دن بھر کام کرتا ہے۔ وہ فلائٹ معلومات، ڈائریکشنز اور سہولتوں کے رابطے فراہم کرتے ہیں۔ خصوصی مدد یا پرنٹ ہدایات کے لیے وہ فوری مدد کر سکتے ہیں۔,Urdu
252,information,اسلام آباد میں لینڈ کرنے پر عام مدد کیلئے کس سے رابطہ کریں؟,arrival_guidance,اسلام آباد انٹرنیشنل ائیرپورٹ (ISB),انفارمیشن ڈیسک arrivals concourse کے مرکز میں واقع ہے اور دن بھر کام کرتا ہے۔ وہ فلائٹ معلومات، ڈائریکشنز اور سہولتوں کے رابطے فراہم کرتے ہیں۔ خصوصی مدد یا پرنٹ ہدایات کے لیے وہ فوری مدد کر سکتے ہیں۔,Urdu
253,information,آرائیول میں انفارمیشن ڈیسک کہاں ہے؟,arrival_guidance,اسلام آباد انٹرنیشنل ائیرپورٹ (ISB),انفارمیشن ڈیسک arrivals concourse کے مرکز میں واقع ہے اور دن بھر کام کرتا ہے۔ وہ فلائٹ معلومات، ڈائریکشنز اور سہولتوں کے رابطے فراہم کرتے ہیں۔ خصوصی مدد یا پرنٹ ہدایات کے لیے وہ فوری مدد کر سکتے ہیں۔,Urdu
254,information,آرائیول میں انفارمیشن ڈیسک کہاں ہے؟,arrival_guidance,اسلام آباد انٹرنیشنل ائیرپورٹ (ISB),انفارمیشن ڈیسک arrivals concourse کے مرکز میں واقع ہے اور دن بھر کام کرتا ہے۔ وہ فلائٹ معلومات، ڈائریکشنز اور سہولتوں کے رابطے فراہم کرتے ہیں۔ خصوصی مدد یا پرنٹ ہدایات کے لیے وہ فوری مدد کر سکتے ہیں۔,Urdu
255,information,آرائیول میں انفارمیشن ڈیسک کہاں ہے؟,arrival_guidance,اسلام آباد انٹرنیشنل ائیرپورٹ (ISB),انفارمیشن ڈیسک arrivals concourse کے مرکز میں واقع ہے اور دن بھر کام کرتا ہے۔ وہ فلائٹ معلومات، ڈائریکشنز اور سہولتوں کے رابطے فراہم کرتے ہیں۔ خصوصی مدد یا پرنٹ ہدایات کے لیے وہ فوری مدد کر سکتے ہیں۔,Urdu
256,information,اسلام آباد میں لینڈ کرنے پر عام مدد کیلئے کس سے رابطہ کریں؟,arrival_guidance,اسلام آباد انٹرنیشنل ائیرپورٹ (ISB),انفارمیشن ڈیسک arrivals concourse کے مرکز میں واقع ہے اور دن بھر کام کرتا ہے۔ وہ فلائٹ معلومات، ڈائریکشنز اور سہولتوں کے رابطے فراہم کرتے ہیں۔ خصوصی مدد یا پرنٹ ہدایات کے لیے وہ فوری مدد کر سکتے ہیں۔,Urdu
257,information,آرائیول میں انفارمیشن ڈیسک کہاں ہے؟,arrival_guidance,اسلام آباد انٹرنیشنل ائیرپورٹ (ISB),انفارمیشن ڈیسک arrivals concourse کے مرکز میں واقع ہے اور دن بھر کام کرتا ہے۔ وہ فلائٹ معلومات، ڈائریکشنز اور سہولتوں کے رابطے فراہم کرتے ہیں۔ خصوصی مدد یا پرنٹ ہدایات کے لیے وہ فوری مدد کر سکتے ہیں۔,Urdu
258,information,اسلام آباد میں لینڈ کرنے پر عام مدد کیلئے کس سے رابطہ کریں؟,arrival_guidance,اسلام آباد انٹرنیشنل ائیرپورٹ (ISB),انفارمیشن ڈیسک arrivals concourse کے مرکز میں واقع ہے اور دن بھر کام کرتا ہے۔ وہ فلائٹ معلومات، ڈائریکشنز اور سہولتوں کے رابطے فراہم کرتے ہیں۔ خصوصی مدد یا پرنٹ ہدایات کے لیے وہ فوری مدد کر سکتے ہیں۔,Urdu
259,information,اسلام آباد میں لینڈ کرنے پر عام مدد کیلئے کس سے رابطہ کریں؟,arrival_guidance,اسلام آباد انٹرنیشنل ائیرپورٹ (ISB),انفارمیشن ڈیسک arrivals concourse کے مرکز میں واقع ہے اور دن بھر کام کرتا ہے۔ وہ فلائٹ معلومات، ڈائریکشنز اور سہولتوں کے رابطے فراہم کرتے ہیں۔ خصوصی مدد یا پرنٹ ہدایات کے لیے وہ فوری مدد کر سکتے ہیں۔,Urdu
260,information,آرائیول میں انفارمیشن ڈیسک کہاں ہے؟,arrival_guidance,اسلام آباد انٹرنیشنل ائیرپورٹ (ISB),انفارمیشن ڈیسک arrivals concourse کے مرکز میں واقع ہے اور دن بھر کام کرتا ہے۔ وہ فلائٹ معلومات، ڈائریکشنز اور سہولتوں کے رابطے فراہم کرتے ہیں۔ خصوصی مدد یا پرنٹ ہدایات کے لیے وہ فوری مدد کر سکتے ہیں۔,Urdu
261,information,آرائیول میں انفارمیشن ڈیسک کہاں ہے؟,arrival_guidance,اسلام آباد انٹرنیشنل ائیرپورٹ (ISB),انفارمیشن ڈیسک arrivals concourse کے مرکز میں واقع ہے اور دن بھر کام کرتا ہے۔ وہ فلائٹ معلومات، ڈائریکشنز اور سہولتوں کے رابطے فراہم کرتے ہیں۔ خصوصی مدد یا پرنٹ ہدایات کے لیے وہ فوری مدد کر سکتے ہیں۔,Urdu
262,information,اسلام آباد میں لینڈ کرنے پر عام مدد کیلئے کس سے رابطہ کریں؟,arrival_guidance,اسلام آباد انٹرنیشنل ائیرپورٹ (ISB),انفارمیشن ڈیسک arrivals concourse کے مرکز میں واقع ہے اور دن بھر کام کرتا ہے۔ وہ فلائٹ معلومات، ڈائریکشنز اور سہولتوں کے رابطے فراہم کرتے ہیں۔ خصوصی مدد یا پرنٹ ہدایات کے لیے وہ فوری مدد کر سکتے ہیں۔,Urdu
263,information,آرائیول میں انفارمیشن ڈیسک کہاں ہے؟,arrival_guidance,اسلام آباد انٹرنیشنل ائیرپورٹ (ISB),انفارمیشن ڈیسک arrivals concourse کے مرکز میں واقع ہے اور دن بھر کام کرتا ہے۔ وہ فلائٹ معلومات، ڈائریکشنز اور سہولتوں کے رابطے فراہم کرتے ہیں۔ خصوصی مدد یا پرنٹ ہدایات کے لیے وہ فوری مدد کر سکتے ہیں۔,Urdu
264,information,اسلام آباد میں لینڈ کرنے پر عام مدد کیلئے کس سے رابطہ کریں؟,arrival_guidance,اسلام آباد انٹرنیشنل ائیرپورٹ (ISB),انفارمیشن ڈیسک arrivals concourse کے مرکز میں واقع ہے اور دن بھر کام کرتا ہے۔ وہ فلائٹ معلومات، ڈائریکشنز اور سہولتوں کے رابطے فراہم کرتے ہیں۔ خصوصی مدد یا پرنٹ ہدایات کے لیے وہ فوری مدد کر سکتے ہیں۔,Urdu
265,hotel,کیا یہاں سامان رکھنے کی سروس ہے؟,arrival_guidance,اسلام آباد انٹرنیشنل ائیرپورٹ (ISB), ہوٹلز قریباً دستیاب ہیں؛ انفارمیشن ڈیسک ہوٹل بکنگ میں مدد کرے گا۔ شارٹ سٹے لاؤنج اور آرام کے علاقے کبھی کبھار دستیاب ہوتے ہیں؛ معلومات ڈیسک سے جانچیں۔ بیگج اسٹوریج محدود دورانیہ کے لیے آوائیل ہال میں دستیاب ہے۔,Urdu
266,hotel,کیا یہاں سامان رکھنے کی سروس ہے؟,arrival_guidance,اسلام آباد انٹرنیشنل ائیرپورٹ (ISB), ہوٹلز قریباً دستیاب ہیں؛ انفارمیشن ڈیسک ہوٹل بکنگ میں مدد کرے گا۔ شارٹ سٹے لاؤنج اور آرام کے علاقے کبھی کبھار دستیاب ہوتے ہیں؛ معلومات ڈیسک سے جانچیں۔ بیگج اسٹوریج محدود دورانیہ کے لیے آوائیل ہال میں دستیاب ہے۔,Urdu
267,hotel,ائیرپورٹ کے قریب ہوٹلز ہیں؟,arrival_guidance,اسلام آباد انٹرنیشنل ائیرپورٹ (ISB), ہوٹلز قریباً دستیاب ہیں؛ انفارمیشن ڈیسک ہوٹل بکنگ میں مدد کرے گا۔ شارٹ سٹے لاؤنج اور آرام کے علاقے کبھی کبھار دستیاب ہوتے ہیں؛ معلومات ڈیسک سے جانچیں۔ بیگج اسٹوریج محدود دورانیہ کے لیے آوائیل ہال میں دستیاب ہے۔,Urdu
268,hotel,کیا یہاں سامان رکھنے کی سروس ہے؟,arrival_guidance,اسلام آباد انٹرنیشنل ائیرپورٹ (ISB), ہوٹلز قریباً دستیاب ہیں؛ انفارمیشن ڈیسک ہوٹل بکنگ میں مدد کرے گا۔ شارٹ سٹے لاؤنج اور آرام کے علاقے کبھی کبھار دستیاب ہوتے ہیں؛ معلومات ڈیسک سے جانچیں۔ بیگج اسٹوریج محدود دورانیہ کے لیے آوائیل ہال میں دستیاب ہے۔,Urdu
269,hotel,ائیرپورٹ کے قریب ہوٹلز ہیں؟,arrival_guidance,اسلام آباد انٹرنیشنل ائیرپورٹ (ISB), ہوٹلز قریباً دستیاب ہیں؛ انفارمیشن ڈیسک ہوٹل بکنگ میں مدد کرے گا۔ شارٹ سٹے لاؤنج اور آرام کے علاقے کبھی کبھار دستیاب ہوتے ہیں؛ معلومات ڈیسک سے جانچیں۔ بیگج اسٹوریج محدود دورانیہ کے لیے آوائیل ہال میں دستیاب ہے۔,Urdu
270,hotel,کیا یہاں سامان رکھنے کی سروس ہے؟,arrival_guidance,اسلام آباد انٹرنیشنل ائیرپورٹ (ISB), ہوٹلز قریباً دستیاب ہیں؛ انفارمیشن ڈیسک ہوٹل بکنگ میں مدد کرے گا۔ شارٹ سٹے لاؤنج اور آرام کے علاقے کبھی کبھار دستیاب ہوتے ہیں؛ معلومات ڈیسک سے جانچیں۔ بیگج اسٹوریج محدود دورانیہ کے لیے آوائیل ہال میں دستیاب ہے۔,Urdu
271,hotel,ائیرپورٹ کے قریب ہوٹلز ہیں؟,arrival_guidance,اسلام آباد انٹرنیشنل ائیرپورٹ (ISB), ہوٹلز قریباً دستیاب ہیں؛ انفارمیشن ڈیسک ہوٹل بکنگ میں مدد کرے گا۔ شارٹ سٹے لاؤنج اور آرام کے علاقے کبھی کبھار دستیاب ہوتے ہیں؛ معلومات ڈیسک سے جانچیں۔ بیگج اسٹوریج محدود دورانیہ کے لیے آوائیل ہال میں دستیاب ہے۔,Urdu
272,hotel,کیا یہاں سامان رکھنے کی سروس ہے؟,arrival_guidance,اسلام آباد انٹرنیشنل ائیرپورٹ (ISB), ہوٹلز قریباً دستیاب ہیں؛ انفارمیشن ڈیسک ہوٹل بکنگ میں مدد کرے گا۔ شارٹ سٹے لاؤنج اور آرام کے علاقے کبھی کبھار دستیاب ہوتے ہیں؛ معلومات ڈیسک سے جانچیں۔ بیگج اسٹوریج محدود دورانیہ کے لیے آوائیل ہال میں دستیاب ہے۔,Urdu
273,hotel,کیا یہاں سامان رکھنے کی سروس ہے؟,arrival_guidance,اسلام آباد انٹرنیشنل ائیرپورٹ (ISB), ہوٹلز قریباً دستیاب ہیں؛ انفارمیشن ڈیسک ہوٹل بکنگ میں مدد کرے گا۔ شارٹ سٹے لاؤنج اور آرام کے علاقے کبھی کبھار دستیاب ہوتے ہیں؛ معلومات ڈیسک سے جانچیں۔ بیگج اسٹوریج محدود دورانیہ کے لیے آوائیل ہال میں دستیاب ہے۔,Urdu
274,hotel,ائیرپورٹ کے قریب ہوٹلز ہیں؟,arrival_guidance,اسلام آباد انٹرنیشنل ائیرپورٹ (ISB), ہوٹلز قریباً دستیاب ہیں؛ انفارمیشن ڈیسک ہوٹل بکنگ میں مدد کرے گا۔ شارٹ سٹے لاؤنج اور آرام کے علاقے کبھی کبھار دستیاب ہوتے ہیں؛ معلومات ڈیسک سے جانچیں۔ بیگج اسٹوریج محدود دورانیہ کے لیے آوائیل ہال میں دستیاب ہے۔,Urdu
275,hotel,کیا یہاں سامان رکھنے کی سروس ہے؟,arrival_guidance,اسلام آباد انٹرنیشنل ائیرپورٹ (ISB), ہوٹلز قریباً دستیاب ہیں؛ انفارمیشن ڈیسک ہوٹل بکنگ میں مدد کرے گا۔ شارٹ سٹے لاؤنج اور آرام کے علاقے کبھی کبھار دستیاب ہوتے ہیں؛ معلومات ڈیسک سے جانچیں۔ بیگج اسٹوریج محدود دورانیہ کے لیے آوائیل ہال میں دستیاب ہے۔,Urdu
276,hotel,ائیرپورٹ کے قریب ہوٹلز ہیں؟,arrival_guidance,اسلام آباد انٹرنیشنل ائیرپورٹ (ISB), ہوٹلز قریباً دستیاب ہیں؛ انفارمیشن ڈیسک ہوٹل بکنگ میں مدد کرے گا۔ شارٹ سٹے لاؤنج اور آرام کے علاقے کبھی کبھار دستیاب ہوتے ہیں؛ معلومات ڈیسک سے جانچیں۔ بیگج اسٹوریج محدود دورانیہ کے لیے آوائیل ہال میں دستیاب ہے۔,Urdu
277,hotel,کیا یہاں سامان رکھنے کی سروس ہے؟,arrival_guidance,اسلام آباد انٹرنیشنل ائیرپورٹ (ISB), ہوٹلز قریباً دستیاب ہیں؛ انفارمیشن ڈیسک ہوٹل بکنگ میں مدد کرے گا۔ شارٹ سٹے لاؤنج اور آرام کے علاقے کبھی کبھار دستیاب ہوتے ہیں؛ معلومات ڈیسک سے جانچیں۔ بیگج اسٹوریج محدود دورانیہ کے لیے آوائیل ہال میں دستیاب ہے۔,Urdu
278,hotel,کیا یہاں سامان رکھنے کی سروس ہے؟,arrival_guidance,اسلام آباد انٹرنیشنل ائیرپورٹ (ISB), ہوٹلز قریباً دستیاب ہیں؛ انفارمیشن ڈیسک ہوٹل بکنگ میں مدد کرے گا۔ شارٹ سٹے لاؤنج اور آرام کے علاقے کبھی کبھار دستیاب ہوتے ہیں؛ معلومات ڈیسک سے جانچیں۔ بیگج اسٹوریج محدود دورانیہ کے لیے آوائیل ہال میں دستیاب ہے۔,Urdu
279,hotel,ائیرپورٹ کے قریب ہوٹلز ہیں؟,arrival_guidance,اسلام آباد انٹرنیشنل ائیرپورٹ (ISB), ہوٹلز قریباً دستیاب ہیں؛ انفارمیشن ڈیسک ہوٹل بکنگ میں مدد کرے گا۔ شارٹ سٹے لاؤنج اور آرام کے علاقے کبھی کبھار دستیاب ہوتے ہیں؛ معلومات ڈیسک سے جانچیں۔ بیگج اسٹوریج محدود دورانیہ کے لیے آوائیل ہال میں دستیاب ہے۔,Urdu
280,hotel,کیا یہاں سامان رکھنے کی سروس ہے؟,arrival_guidance,اسلام آباد انٹرنیشنل ائیرپورٹ (ISB), ہوٹلز قریباً دستیاب ہیں؛ انفارمیشن ڈیسک ہوٹل بکنگ میں مدد کرے گا۔ شارٹ سٹے لاؤنج اور آرام کے علاقے کبھی کبھار دستیاب ہوتے ہیں؛ معلومات ڈیسک سے جانچیں۔ بیگج اسٹوریج محدود دورانیہ کے لیے آوائیل ہال میں دستیاب ہے۔,Urdu
281,hotel,کیا یہاں سامان رکھنے کی سروس ہے؟,arrival_guidance,اسلام آباد انٹرنیشنل ائیرپورٹ (ISB), ہوٹلز قریباً دستیاب ہیں؛ انفارمیشن ڈیسک ہوٹل بکنگ میں مدد کرے گا۔ شارٹ سٹے لاؤنج اور آرام کے علاقے کبھی کبھار دستیاب ہوتے ہیں؛ معلومات ڈیسک سے جانچیں۔ بیگج اسٹوریج محدود دورانیہ کے لیے آوائیل ہال میں دستیاب ہے۔,Urdu
282,hotel,ائیرپورٹ کے قریب ہوٹلز ہیں؟,arrival_guidance,اسلام آباد انٹرنیشنل ائیرپورٹ (ISB), ہوٹلز قریباً دستیاب ہیں؛ انفارمیشن ڈیسک ہوٹل بکنگ میں مدد کرے گا۔ شارٹ سٹے لاؤنج اور آرام کے علاقے کبھی کبھار دستیاب ہوتے ہیں؛ معلومات ڈیسک سے جانچیں۔ بیگج اسٹوریج محدود دورانیہ کے لیے آوائیل ہال میں دستیاب ہے۔,Urdu
283,general,میں کس طرح ٹرمینل کے اندر کسی خاندان کے رکن سے مل سکتا ہوں؟,arrival_guidance,اسلام آباد انٹرنیشنل ائیرپورٹ (ISB),فوری معاملات مثلاً گم شدہ پاسپورٹ کے لیے ہیلپ ڈیسک سے رابطہ کریں جو arrivals exit کے قریب ہے۔ وہ سیکیورٹی اور ایئر لائن عملے کے ساتھ رابطہ کر کے فوری مدد کریں گے۔ ملاقات پوائنٹ کے لیے انفارمیشن ڈیسک محفوظ جگہ تجویز کرے گا۔,Urdu
284,general,اگر میرا پاسپورٹ گم ہو جائے تو کس سے رابطہ کروں؟,arrival_guidance,اسلام آباد انٹرنیشنل ائیرپورٹ (ISB),فوری معاملات مثلاً گم شدہ پاسپورٹ کے لیے ہیلپ ڈیسک سے رابطہ کریں جو arrivals exit کے قریب ہے۔ وہ سیکیورٹی اور ایئر لائن عملے کے ساتھ رابطہ کر کے فوری مدد کریں گے۔ ملاقات پوائنٹ کے لیے انفارمیشن ڈیسک محفوظ جگہ تجویز کرے گا۔,Urdu
285,general,اگر میرا پاسپورٹ گم ہو جائے تو کس سے رابطہ کروں؟,arrival_guidance,اسلام آباد انٹرنیشنل ائیرپورٹ (ISB),فوری معاملات مثلاً گم شدہ پاسپورٹ کے لیے ہیلپ ڈیسک سے رابطہ کریں جو arrivals exit کے قریب ہے۔ وہ سیکیورٹی اور ایئر لائن عملے کے ساتھ رابطہ کر کے فوری مدد کریں گے۔ ملاقات پوائنٹ کے لیے انفارمیشن ڈیسک محفوظ جگہ تجویز کرے گا۔,Urdu
286,general,اگر میرا پاسپورٹ گم ہو جائے تو کس سے رابطہ کروں؟,arrival_guidance,اسلام آباد انٹرنیشنل ائیرپورٹ (ISB),فوری معاملات مثلاً گم شدہ پاسپورٹ کے لیے ہیلپ ڈیسک سے رابطہ کریں جو arrivals exit کے قریب ہے۔ وہ سیکیورٹی اور ایئر لائن عملے کے ساتھ رابطہ کر کے فوری مدد کریں گے۔ ملاقات پوائنٹ کے لیے انفارمیشن ڈیسک محفوظ جگہ تجویز کرے گا۔,Urdu
287,general,اگر میرا پاسپورٹ گم ہو جائے تو کس سے رابطہ کروں؟,arrival_guidance,اسلام آباد انٹرنیشنل ائیرپورٹ (ISB),فوری معاملات مثلاً گم شدہ پاسپورٹ کے لیے ہیلپ ڈیسک سے رابطہ کریں جو arrivals exit کے قریب ہے۔ وہ سیکیورٹی اور ایئر لائن عملے کے ساتھ رابطہ کر کے فوری مدد کریں گے۔ ملاقات پوائنٹ کے لیے انفارمیشن ڈیسک محفوظ جگہ تجویز کرے گا۔,Urdu
288,general,میں کس طرح ٹرمینل کے اندر کسی خاندان کے رکن سے مل سکتا ہوں؟,arrival_guidance,اسلام آباد انٹرنیشنل ائیرپورٹ (ISB),فوری معاملات مثلاً گم شدہ پاسپورٹ کے لیے ہیلپ ڈیسک سے رابطہ کریں جو arrivals exit کے قریب ہے۔ وہ سیکیورٹی اور ایئر لائن عملے کے ساتھ رابطہ کر کے فوری مدد کریں گے۔ ملاقات پوائنٹ کے لیے انفارمیشن ڈیسک محفوظ جگہ تجویز کرے گا۔,Urdu
289,general,میں کس طرح ٹرمینل کے اندر کسی خاندان کے رکن سے مل سکتا ہوں؟,arrival_guidance,اسلام آباد انٹرنیشنل ائیرپورٹ (ISB),فوری معاملات مثلاً گم شدہ پاسپورٹ کے لیے ہیلپ ڈیسک سے رابطہ کریں جو arrivals exit کے قریب ہے۔ وہ سیکیورٹی اور ایئر لائن عملے کے ساتھ رابطہ کر کے فوری مدد کریں گے۔ ملاقات پوائنٹ کے لیے انفارمیشن ڈیسک محفوظ جگہ تجویز کرے گا۔,Urdu
290,general,میں کس طرح ٹرمینل کے اندر کسی خاندان کے رکن سے مل سکتا ہوں؟,arrival_guidance,اسلام آباد انٹرنیشنل ائیرپورٹ (ISB),فوری معاملات مثلاً گم شدہ پاسپورٹ کے لیے ہیلپ ڈیسک سے رابطہ کریں جو arrivals exit کے قریب ہے۔ وہ سیکیورٹی اور ایئر لائن عملے کے ساتھ رابطہ کر کے فوری مدد کریں گے۔ ملاقات پوائنٹ کے لیے انفارمیشن ڈیسک محفوظ جگہ تجویز کرے گا۔,Urdu
291,general,اگر میرا پاسپورٹ گم ہو جائے تو کس سے رابطہ کروں؟,arrival_guidance,اسلام آباد انٹرنیشنل ائیرپورٹ (ISB),فوری معاملات مثلاً گم شدہ پاسپورٹ کے لیے ہیلپ ڈیسک سے رابطہ کریں جو arrivals exit کے قریب ہے۔ وہ سیکیورٹی اور ایئر لائن عملے کے ساتھ رابطہ کر کے فوری مدد کریں گے۔ ملاقات پوائنٹ کے لیے انفارمیشن ڈیسک محفوظ جگہ تجویز کرے گا۔,Urdu
292,general,اگر میرا پاسپورٹ گم ہو جائے تو کس سے رابطہ کروں؟,arrival_guidance,اسلام آباد انٹرنیشنل ائیرپورٹ (ISB),فوری معاملات مثلاً گم شدہ پاسپورٹ کے لیے ہیلپ ڈیسک سے رابطہ کریں جو arrivals exit کے قریب ہے۔ وہ سیکیورٹی اور ایئر لائن عملے کے ساتھ رابطہ کر کے فوری مدد کریں گے۔ ملاقات پوائنٹ کے لیے انفارمیشن ڈیسک محفوظ جگہ تجویز کرے گا۔,Urdu
293,general,میں کس طرح ٹرمینل کے اندر کسی خاندان کے رکن سے مل سکتا ہوں؟,arrival_guidance,اسلام آباد انٹرنیشنل ائیرپورٹ (ISB),فوری معاملات مثلاً گم شدہ پاسپورٹ کے لیے ہیلپ ڈیسک سے رابطہ کریں جو arrivals exit کے قریب ہے۔ وہ سیکیورٹی اور ایئر لائن عملے کے ساتھ رابطہ کر کے فوری مدد کریں گے۔ ملاقات پوائنٹ کے لیے انفارمیشن ڈیسک محفوظ جگہ تجویز کرے گا۔,Urdu
294,general,میں کس طرح ٹرمینل کے اندر کسی خاندان کے رکن سے مل سکتا ہوں؟,arrival_guidance,اسلام آباد انٹرنیشنل ائیرپورٹ (ISB),فوری معاملات مثلاً گم شدہ پاسپورٹ کے لیے ہیلپ ڈیسک سے رابطہ کریں جو arrivals exit کے قریب ہے۔ وہ سیکیورٹی اور ایئر لائن عملے کے ساتھ رابطہ کر کے فوری مدد کریں گے۔ ملاقات پوائنٹ کے لیے انفارمیشن ڈیسک محفوظ جگہ تجویز کرے گا۔,Urdu
295,general,اگر میرا پاسپورٹ گم ہو جائے تو کس سے رابطہ کروں؟,arrival_guidance,اسلام آباد انٹرنیشنل ائیرپورٹ (ISB),فوری معاملات مثلاً گم شدہ پاسپورٹ کے لیے ہیلپ ڈیسک سے رابطہ کریں جو arrivals exit کے قریب ہے۔ وہ سیکیورٹی اور ایئر لائن عملے کے ساتھ رابطہ کر کے فوری مدد کریں گے۔ ملاقات پوائنٹ کے لیے انفارمیشن ڈیسک محفوظ جگہ تجویز کرے گا۔,Urdu
296,general,اگر میرا پاسپورٹ گم ہو جائے تو کس سے رابطہ کروں؟,arrival_guidance,اسلام آباد انٹرنیشنل ائیرپورٹ (ISB),فوری معاملات مثلاً گم شدہ پاسپورٹ کے لیے ہیلپ ڈیسک سے رابطہ کریں جو arrivals exit کے قریب ہے۔ وہ سیکیورٹی اور ایئر لائن عملے کے ساتھ رابطہ کر کے فوری مدد کریں گے۔ ملاقات پوائنٹ کے لیے انفارمیشن ڈیسک محفوظ جگہ تجویز کرے گا۔,Urdu
297,general,اگر میرا پاسپورٹ گم ہو جائے تو کس سے رابطہ کروں؟,arrival_guidance,اسلام آباد انٹرنیشنل ائیرپورٹ (ISB),فوری معاملات مثلاً گم شدہ پاسپورٹ کے لیے ہیلپ ڈیسک سے رابطہ کریں جو arrivals exit کے قریب ہے۔ وہ سیکیورٹی اور ایئر لائن عملے کے ساتھ رابطہ کر کے فوری مدد کریں گے۔ ملاقات پوائنٹ کے لیے انفارمیشن ڈیسک محفوظ جگہ تجویز کرے گا۔,Urdu
298,general,اگر میرا پاسپورٹ گم ہو جائے تو کس سے رابطہ کروں؟,arrival_guidance,اسلام آباد انٹرنیشنل ائیرپورٹ (ISB),فوری معاملات مثلاً گم شدہ پاسپورٹ کے لیے ہیلپ ڈیسک سے رابطہ کریں جو arrivals exit کے قریب ہے۔ وہ سیکیورٹی اور ایئر لائن عملے کے ساتھ رابطہ کر کے فوری مدد کریں گے۔ ملاقات پوائنٹ کے لیے انفارمیشن ڈیسک محفوظ جگہ تجویز کرے گا۔,Urdu
299,general,میں کس طرح ٹرمینل کے اندر کسی خاندان کے رکن سے مل سکتا ہوں؟,arrival_guidance,اسلام آباد انٹرنیشنل ائیرپورٹ (ISB),فوری معاملات مثلاً گم شدہ پاسپورٹ کے لیے ہیلپ ڈیسک سے رابطہ کریں جو arrivals exit کے قریب ہے۔ وہ سیکیورٹی اور ایئر لائن عملے کے ساتھ رابطہ کر کے فوری مدد کریں گے۔ ملاقات پوائنٹ کے لیے انفارمیشن ڈیسک محفوظ جگہ تجویز کرے گا۔,Urdu
300,general,اگر میرا پاسپورٹ گم ہو جائے تو کس سے رابطہ کروں؟,arrival_guidance,اسلام آباد انٹرنیشنل ائیرپورٹ (ISB),فوری معاملات مثلاً گم شدہ پاسپورٹ کے لیے ہیلپ ڈیسک سے رابطہ کریں جو arrivals exit کے قریب ہے۔ وہ سیکیورٹی اور ایئر لائن عملے کے ساتھ رابطہ کر کے فوری مدد کریں گے۔ ملاقات پوائنٹ کے لیے انفارمیشن ڈیسک محفوظ جگہ تجویز کرے گا۔,Urdu
